site:disboard.org/server/ | site:top.gg/servers/ | site:discordservers.com/server/ | site:discord.st/server/ | site:discords.com/servers/ | site:discordhome.com/server/ | site:discord.me/ | site:disforge.com/server/ | site:servers.discordland.gg/servers/server/ | site:discordlist.space/server/ | site:discordtop.com/info/ | site:discordlist.me/servers/ | site:discordbee.com/servers?server= | site:dyno.gg/server | site:www.trackyserver.com/server/ | site:discordinvites.net/servers/ | site:discordhub.com/servers/ "

site:
disboard.org/server
om/server
/ | site:
discord.me
/ | site:
disforge.com/server
/ | site:
servers.discordland.gg/servers/server
/ | site:
discordlist.space/server
/ | site:
discordtop.com/info
/ | site:
discordlist.me/servers
discordbee.com/servers?server=
dyno.gg/server
www.trackyserver.com/server
discordinvites.net/servers
discordhub.com/servers
