https://bugcrowd.com/acorns,acorns
acorns.com,acorns
https://bugcrowd.com/agilebits,agilebits
https://bugcrowd.com/algorand,algorand
https://bugcrowd.com/algorand-vdp,algorand-vdp
https://bugcrowd.com/arkose-labs,arkose-labs
arkoselabs.com,arkose-labs
https://bugcrowd.com/arlo,arlo
arlo.com,arlo
https://bugcrowd.com/arlokudos,arlokudos
https://bugcrowd.com/atlassian,atlassian
atlassian.com,atlassian
https://apps.apple.com/us/app/confluence-server/id1288365159,atlassian
atlassian.com,atlassian
https://play.google.com/store/apps/details?id=com.atlassian.confluence.server,atlassian
https://bugcrowd.com/barracuda,barracuda
https://bugcrowd.com/better,better
better.com,better
https://bugcrowd.com/bigbank,bigbank
bigbank.lv,bigbank
bigbank.ee,bigbank
bigbank.eu,bigbank
bigbank.ee,bigbank
bigbank.lv,bigbank
bigbank.eu,bigbank
bigbank.fi,bigbank
bigbank.eu,bigbank
bigbank.lt,bigbank
bigbank.ee,bigbank
bigbank.lt,bigbank
bigbank.ee,bigbank
bigbank.fi,bigbank
bigbank.lt,bigbank
https://bugcrowd.com/binance,binance
binance.com,binance
binance.org,binance
binance.com,binance
binance.co.ug,binance
binance.je,binance
binance.sg,binance
binance.us,binance
https://github.com/binance-chain/bep3-deputy,binance
https://github.com/binance-chain/bep3-smartcontracts,binance
https://github.com/binance-chain/ledger-app-binance,binance
https://github.com/binance-chain/tss-lib,binance
https://github.com/trustwallet/wallet-core/,binance
https://bugcrowd.com/bitdefender,bitdefender
bitdefender.com,bitdefender
bitdefender.net,bitdefender
https://bugcrowd.com/bitdefenderbox2,bitdefenderbox2
https://bugcrowd.com/bitdiscovery,bitdiscovery
bitdiscovery.com,bitdiscovery
assetinventory.bugcrowd.com,bitdiscovery
https://bugcrowd.com/blend-vdp,blend-vdp
blendlabs.com,blend-vdp
blend.com,blend-vdp
https://bugcrowd.com/bluejeans,bluejeans
bluejeans.com,bluejeans
https://bugcrowd.com/boozt-og,boozt-og
boozt.com,boozt-og
booztlet.com,boozt-og
https://bugcrowd.com/bugcrowd,bugcrowd
api.bugcrowd.com,bugcrowd
bugcrowd.com,bugcrowd
tracker.bugcrowd.com,bugcrowd
https://bugcrowd.com/caffeine,caffeine
caffeine.tv,caffeine
https://bugcrowd.com/centrify,centrify
centrify.com,centrify
https://bugcrowd.com/ciscomeraki,ciscomeraki
ikarem.io,ciscomeraki
meraki.com,ciscomeraki
network-auth.com,ciscomeraki
cisco.com,ciscomeraki
https://bugcrowd.com/cloudinary,cloudinary
cloudinary.com,cloudinary
https://bugcrowd.com/comcastvdp,comcastvdp
comcast.com,comcastvdp
xfinity.com,comcastvdp
comcast.com,comcastvdp
https://bugcrowd.com/concur,concur
tripit.com,concur
https://bugcrowd.com/constantcontact,constantcontact
https://bugcrowd.com/creditkarma,creditkarma
creditkarma.com,creditkarma
creditkarma.ca,creditkarma
https://bugcrowd.com/dell,dell
boomi.com,dell
dell.com,dell
dellemc.com,dell
delltechnologies.com,dell
emc.com,dell
rsa.com,dell
rsaconference.com,dell
secureworks.com,dell
https://bugcrowd.com/directly,directly
directly.com,directly
http://directly.github.io/demosite/qa/rtm/sandbox.html,directly
directly.com,directly
https://bugcrowd.com/eero,eero
https://bugcrowd.com/etsy,etsy
etsy.com,etsy
etsypayments.com,etsy
etsy.com,etsy
https://bugcrowd.com/fca,fca
https://itunes.apple.com/gb/app/uconnect-live/id881830261?mt=8,fca
https://itunes.apple.com/pl/app/panda-uconnect/id1117321678?mt=8,fca
https://itunes.apple.com/us/app/uconnect/id1229236724?mt=8,fca
https://play.google.com/store/apps/details?id=com.acn.uc&hl=en,fca
https://play.google.com/store/apps/details?id=com.acn.uconnectmobile&hl=en,fca
https://play.google.com/store/apps/details?id=com.fcagroup.us.uconnect,fca
driveuconnect.com,fca
driveuconnect.eu,fca
https://bugcrowd.com/files,files
files.com,files
https://bugcrowd.com/fitbit,fitbit
fitbit.com,fitbit
fitstar.com,fitbit
fitbit.com,fitbit
https://bugcrowd.com/foxycart,foxycart
foxycart.com,foxycart
https://bugcrowd.com/freedomofpress,freedomofpress
https://github.com/freedomofpress/securedrop,freedomofpress
https://github.com/freedomofpress/securedrop-client,freedomofpress
https://github.com/freedomofpress/securedrop-debian-packaging,freedomofpress
https://github.com/freedomofpress/securedrop-export,freedomofpress
https://github.com/freedomofpress/securedrop-log,freedomofpress
https://github.com/freedomofpress/securedrop-proxy,freedomofpress
https://github.com/freedomofpress/securedrop-sdk,freedomofpress
https://github.com/freedomofpress/securedrop-workstation,freedomofpress
https://bugcrowd.com/gojek,gojek
gojekapi.com,gojek
gojek.co.id,gojek
https://bugcrowd.com/gusto,gusto
gusto-demo.com,gusto
https://bugcrowd.com/hackme,hackme
bugcrowd.com,hackme
https://bugcrowd.com/healthifyme,healthifyme
healthifyme.com,healthifyme
https://itunes.apple.com/in/app/healthifyme-weight-loss-coach/id943712366?mt=8,healthifyme
https://play.google.com/store/apps/details?id=com.healthifyme.basic&hl=en,healthifyme
https://bugcrowd.com/hubspot,hubspot
hs-sites.com,hubspot
hubapi.com,hubspot
hubspot.com,hubspot
hubspot.net,hubspot
growth.org,hubspot
https://bugcrowd.com/humblebundle,humblebundle
humblebundle.com,humblebundle
https://bugcrowd.com/ibotta,ibotta
ibotta.com,ibotta
http://itunes.apple.com/us/app/ibotta/id559887125,ibotta
android.com,ibotta
ibops.net,ibotta
ibotta.com,ibotta
ibops.net,ibotta
ibotta.com,ibotta
https://bugcrowd.com/indeed,indeed
indeed.com,indeed
https://itunes.apple.com/us/app/job-search/id309735670?mt=8,indeed
https://play.google.com/store/apps/details?id=com.indeed.android.jobsearch,indeed
https://play.google.com/store/apps/details?id=com.indeed.androidemployers,indeed
https://play.google.com/store/apps/details?id=com.indeed.jobsnearby&hl=en,indeed
https://bugcrowd.com/intercom,intercom
intercom.io,intercom
https://bugcrowd.com/invision,invision
muz.li,invision
invisionapp.com,invision
https://bugcrowd.com/iota,iota
https://bugcrowd.com/irobot,irobot
https://itunes.apple.com/us/app/irobot-home/id1012014442?mt=8,irobot
https://play.google.com/store/apps/details?id=com.irobot.home,irobot
https://bugcrowd.com/isc2,isc2
isc2.org,isc2
iamcybersafe.org,isc2
https://bugcrowd.com/keepersecurity,keepersecurity
keepersecurity.com,keepersecurity
keepersecurity.eu,keepersecurity
https://bugcrowd.com/kennasecurity,kennasecurity
kennasecurity.com,kennasecurity
https://bugcrowd.com/lastpass,lastpass
lastpass.com,lastpass
https://bugcrowd.com/lime,lime
lime.bike,lime
limeinternal.com,lime
lime.bike,lime
limeinternal.com,lime
lime.bike,lime
https://apps.apple.com/us/app/lime/id1199780189,lime
limeinternal.com,lime
lime.bike,lime
limeinternal.com,lime
https://play.google.com/store/apps/details?id=com.limebike,lime
limeinternal.com,lime
lime.bike,lime
https://bugcrowd.com/magicleapdevice,magicleapdevice
https://bugcrowd.com/mailgun,mailgun
mailgun.net,mailgun
mailjet.com,mailgun
mailgun.com,mailgun
mailjet.com,mailgun
mailgun.com,mailgun
mailjet.com,mailgun
https://bugcrowd.com/mastercard,mastercard
mastercard.com,mastercard
https://bugcrowd.com/mastercard-vdp,mastercard-vdp
mastercard.com,mastercard-vdp
bezcenneniespodzianki.pl,mastercard-vdp
mastercard.com,mastercard-vdp
citypossible.com,mastercard-vdp
mastercard.com,mastercard-vdp
mastercard.com.au,mastercard-vdp
mastercard.com,mastercard-vdp
priceless.com,mastercard-vdp
mastercard.com,mastercard-vdp
investmentmojo.com,mastercard-vdp
mastercard.com.br,mastercard-vdp
mastercard.com,mastercard-vdp
mastercard-lounge.cz,mastercard-vdp
mastercardbiz.com,mastercard-vdp
mastercard.com,mastercard-vdp
mastercard.co.za,mastercard-vdp
mastercard.com,mastercard-vdp
no-minimums.com.au,mastercard-vdp
mastercard.com,mastercard-vdp
priceless.com,mastercard-vdp
mastercard.com,mastercard-vdp
priceless.com,mastercard-vdp
pricelessspecials.nl,mastercard-vdp
pricelesssurprises.com,mastercard-vdp
mastercard.com,mastercard-vdp
taptotokyo.com,mastercard-vdp
tasteofpremium.jp,mastercard-vdp
mastercard.com,mastercard-vdp
priceless.com,mastercard-vdp
mastercard.com,mastercard-vdp
mastercardbiz.ca,mastercard-vdp
mastercard.com,mastercard-vdp
https://bugcrowd.com/mastercard-vdp-ext,mastercard-vdp-ext
mastercard.com,mastercard-vdp-ext
https://bugcrowd.com/moneytreekkog,moneytreekkog
getmoneytree.com,moneytreekkog
moneytree.jp,moneytreekkog
https://bugcrowd.com/naspers,naspers
naspers.co,naspers
naspers.co.in,naspers
naspers.com,naspers
naspers.fr,naspers
naspers.us,naspers
naspersventures.com,naspers
prosus.com,naspers
https://bugcrowd.com/neophotonics,neophotonics
https://bugcrowd.com/netflix,netflix
nflxext.com,netflix
nflximg.net,netflix
nflxso.net,netflix
nflxvideo.net,netflix
netflix.com,netflix
https://bugcrowd.com/netgear,netgear
netgear.com,netgear
https://bugcrowd.com/netgearkudos,netgearkudos
https://bugcrowd.com/okta,okta
oktapreview.com,okta
https://bugcrowd.com/opsgenie,opsgenie
opsgeni.us,opsgenie
https://bugcrowd.com/optimizely,optimizely
optimizely.com,optimizely
https://bugcrowd.com/overstockvdp,overstockvdp
handmade.com,overstockvdp
overstock.com,overstockvdp
supplieroasis.com,overstockvdp
overstock.com,overstockvdp
http(s).,overstockvdp
overstock.com,overstockvdp
https://bugcrowd.com/owaspcrsfguard,owaspcrsfguard
https://github.com/OWASP/OWASPBugBounty/tree/master/CRSFGuard,owaspcrsfguard
https://bugcrowd.com/owaspjavaencoder,owaspjavaencoder
https://github.com/OWASP/OWASPBugBounty/tree/master/JavaEncoder,owaspjavaencoder
https://github.com/OWASP/OWASPBugBounty/tree/master/JavaEncoder/war-files,owaspjavaencoder
https://bugcrowd.com/owaspjavasanitizer,owaspjavasanitizer
https://github.com/OWASP/OWASPBugBounty/tree/master/JavaHTMLSanitizer/war-files,owaspjavasanitizer
https://bugcrowd.com/owaspzap,owaspzap
zaproxy.org,owaspzap
https://bugcrowd.com/pantheon,pantheon
pantheon.io,pantheon
https://bugcrowd.com/personalcapital,personalcapital
pcapcloud.com,personalcapital
https://bugcrowd.com/pinterest,pinterest
pinterest.com,pinterest
https://bugcrowd.com/planethosterinc,planethosterinc
planethoster.net,planethosterinc
n0c.com,planethosterinc
planethoster.com,planethosterinc
planethoster.net,planethosterinc
planethoster.com,planethosterinc
https://bugcrowd.com/purevpn,purevpn
purevpn.com,purevpn
https://bugcrowd.com/realself,realself
realself.com,realself
https://bugcrowd.com/redox,redox
redoxengine.com,redox
https://bugcrowd.com/seek,seek
aips-internal.com,seek
aips-services.com,seek
certsy.com,seek
certsynonprod.com,seek
jobapi.io,seek
jobapi.net,seek
myseek.xyz,seek
outfra.xyz,seek
seek.com,seek
seek.com.au,seek
skinfra.xyz,seek
sol-data.com,seek
seekcdn.com,seek
https://bugcrowd.com/segment,segment
segment.io,segment
segment.com,segment
https://bugcrowd.com/skyscanner,skyscanner
skyscanner.net,skyscanner
https://bugcrowd.com/smartthings,smartthings
https://bugcrowd.com/socrata,socrata
test-socrata.com,socrata
https://bugcrowd.com/sophos,sophos
astaro.at,sophos
astaro.ch,sophos
astaro.com,sophos
astaro.de,sophos
astaro.info,sophos
astaro.net,sophos
astaro.org,sophos
cyberoam.com,sophos
fw-notify.net,sophos
hitmanpro.com,sophos
hitmanpro.nl,sophos
mojave.net,sophos
myastaro.com,sophos
reflexion.net,sophos
sophos.com,sophos
surfright.nl,sophos
uservoice.com,sophos
phishthreat.com,sophos
https://bugcrowd.com/soundcloud,soundcloud
repostnetwork.com,soundcloud
soundcloud.com,soundcloud
repostnetwork.com,soundcloud
soundcloud.com,soundcloud
soundcloudmail.com,soundcloud
soundcloud.com,soundcloud
https://bugcrowd.com/sproutsocial,sproutsocial
sproutsocial.com,sproutsocial
getbambu.com,sproutsocial
sproutsocial.com,sproutsocial
simplymeasured.com,sproutsocial
sproutsocial.com,sproutsocial
https://bugcrowd.com/square,square
square.com,square
squareup.com,square
https://bugcrowd.com/squareopensource,squareopensource
https://github.com/square/ghostunnel,squareopensource
https://github.com/square/git-fastclone,squareopensource
https://github.com/square/go-jose,squareopensource
https://github.com/square/js-jose,squareopensource
https://github.com/square/keysync,squareopensource
https://github.com/square/keywhiz,squareopensource
https://github.com/square/keywhiz-fs,squareopensource
https://github.com/square/okhttp,squareopensource
https://github.com/square/okio,squareopensource
https://github.com/square/pam_krb_cache,squareopensource
https://github.com/square/rails-auth,squareopensource
https://github.com/square/retrofit,squareopensource
https://github.com/square/squalor,squareopensource
https://github.com/square/sudo_pair,squareopensource
https://github.com/square/valet,squareopensource
https://github.com/square/wire,squareopensource
https://bugcrowd.com/stackpath,stackpath
serverdensity.io,stackpath
stackpath.com,stackpath
maxcdn.com,stackpath
serverdensity.io,stackpath
highwinds.com,stackpath
https://bugcrowd.com/statuspage,statuspage
statuspage.io,statuspage
https://bugcrowd.com/takeaway,takeaway
citymeal.com,takeaway
lieferando.at,takeaway
lieferando.de,takeaway
pyszne.pl,takeaway
scoober.com,takeaway
takeaway.com,takeaway
thuisbezorgd.nl,takeaway
yourdelivery.de,takeaway
https://itunes.apple.com/us/app/lieferando-de/id419724490?l=es&mt=8,takeaway
https://play.google.com/store/apps/details?id=com.yopeso.lieferando&hl=en_US,takeaway
takeaway.com,takeaway
https://bugcrowd.com/telefonicavdp,telefonicavdp
alditalk-kundenbetreuung.de,telefonicavdp
ayyildiz.de,telefonicavdp
base.de,telefonicavdp
blau.de,telefonicavdp
einfachprepaid.de,telefonicavdp
o2.com,telefonicavdp
fonic-mobile.de,telefonicavdp
fonic.de,telefonicavdp
k-classic-mobil.de,telefonicavdp
o2service.de,telefonicavdp
aetkasmart.de,telefonicavdp
simfinity.de,telefonicavdp
nettokom.de,telefonicavdp
netzclub.net,telefonicavdp
norma-mobil.de,telefonicavdp
o2.de,telefonicavdp
o2business.de,telefonicavdp
o2online.de,telefonicavdp
o2service.de,telefonicavdp
o2spin.de,telefonicavdp
ortelmobile.de,telefonicavdp
o2service.de,telefonicavdp
blauworld.de,telefonicavdp
telefonica.de,telefonicavdp
turkei-sim.de,telefonicavdp
whatsappsim.de,telefonicavdp
o2.com,telefonicavdp
https://bugcrowd.com/tesla,tesla
tesla.cn,tesla
tesla.com,tesla
tesla.services,tesla
teslamotors.com,tesla
https://bugcrowd.com/transferwise,transferwise
transferwise.com,transferwise
github.com/transferwise,transferwise
transferwise.com,transferwise
https://bugcrowd.com/trello,trello
trello.services,trello
trello.com,trello
butlerfortrello.com,trello
trello.com,trello
https://bugcrowd.com/tripadvisor-vdp,tripadvisor-vdp
https://bugcrowd.com/twilio,twilio
authy.com,twilio
twilio.com,twilio
https://bugcrowd.com/underarmour,underarmour
myfitnesspal.com,underarmour
underarmour.com,underarmour
endomondo.com,underarmour
mapmyfitness.com,underarmour
mapmyride.com,underarmour
mapmyrun.com,underarmour
mapmywalk.com,underarmour
myfitnesspal.com,underarmour
underarmour.co.uk,underarmour
underarmour.com,underarmour
ua.com,underarmour
https://bugcrowd.com/unilever-vdp,unilever-vdp
unilever.com,unilever-vdp
https://bugcrowd.com/upwork,upwork
upwork.com,upwork
https://bugcrowd.com/usaa,usaa
usaa.com,usaa
https://bugcrowd.com/vonage,vonage
vonage.com,vonage
https://bugcrowd.com/westernunion,westernunion
westernunion.com,westernunion
westernunionbank.com,westernunion
westernunion.com,westernunion
westernunionbank.com,westernunion
westernunion.com,westernunion
westernunion.at,westernunion
westernunion.be,westernunion
westernunion.ca,westernunion
westernunion.ch,westernunion
westernunion.co.nz,westernunion
westernunion.co.uk,westernunion
westernunion.com,westernunion
westernunion.com.au,westernunion
westernunion.de,westernunion
westernunion.dk,westernunion
westernunion.ee,westernunion
westernunion.es,westernunion
westernunion.fi,westernunion
westernunion.fr,westernunion
westernunion.gr,westernunion
westernunion.ie,westernunion
westernunion.it,westernunion
westernunion.lu,westernunion
westernunion.nl,westernunion
westernunion.no,westernunion
westernunion.pl,westernunion
westernunion.pt,westernunion
westernunion.se,westernunion
westernunion.com,westernunion
wuedge.com,westernunion
https://bugcrowd.com/westernunion-kudos,westernunion-kudos
https://bugcrowd.com/whmcs,whmcs
https://bugcrowd.com/wpengine,wpengine
studiopress.com,wpengine
wpengine.io,wpengine
wpesvc.net,wpengine
wpengine.com,wpengine
studiopress.blog,wpengine
wpengine.com,wpengine
https://bugcrowd.com/xfinity-home,xfinity-home
comcast.net,xfinity-home
xfinity.com,xfinity-home
codebig2.net,xfinity-home
xfinity.com,xfinity-home
orc-xfi.com,xfinity-home
xfinity.com,xfinity-home
comcast.net,xfinity-home
codebig2.net,xfinity-home
https://bugcrowd.com/ynab,ynab
youneedabudget.com,ynab
https://bugcrowd.com/zilliqa,zilliqa
zilliqa.com,zilliqa
https://github.com/Zilliqa/staking-contract,zilliqa
zilliqa.com,zilliqa
learnscilla.com,zilliqa
https://bugcrowd.com/zynga-vdp,zynga-vdp
zynga.com,zynga-vdp
zyngagames.com,zynga-vdp
