aanmelder.nl,events
aannemer-nu.nl,cloud
afas.online,fin
afasonline.com,fin
app.zivver.com/l/share,storage
archieven.nl,other
betaalverzoek.rabobank.nl,fin
boekingapp.nl,orgs
bunq.me,fin
ccvshop.nl,cloud
chkmkt.com,forms
diensten.snsbank.nl/online/betaalverzoek,fin
docplayer.nl,docs
doneeractie.nl,fin
drimble.nl/bedrijf,orgs
edu.nl,shortener
email-provider.nl,comm
enquetesmaken.com/s,comm
fok.nl,social
freelance.nl,orgs
gathering.tweakers.net,social
geef.nl,fin
geenstijl.nl,social
gemeenteoplossingen.nl,cloud
glassdoor.nl,orgs
homerun.co,orgs
ibabs.eu,cloud
ictergezocht.nl,orgs
indeed.nl,orgs
ioresearch.jambo.software,comm
jobsonline.nl,orgs
jouwweb.nl,cloud
kiyoh.com/reviews,orgs
lijstje.nl,fin
mailplus.nl,comm
marktplaats.nl,fin
medivacature.nl,orgs
meesterbaan.nl,orgs
mensenlinq.nl/overlijdensberichten,social
mijndigimap.nl,fin
mijnio.nl,cloud
mijnsalon.nl,cloud
mijnwebwinkel.nl/winkel,cloud
mijnzorgapp.com,orgs
monsterboard.nl,orgs
nationalevacaturebank.nl,orgs
nederlandinbedrijf.nl,orgs
nextdoor.nl,social
nmbrs.nl,fin
notubiz.nl,cloud
openkvk.nl,orgs
petities.com,social
plugandpay.nl,fin
praktijkinfo.nl,cloud
raadsinformatie.nl,cloud
rechtspraak.nl,other
relay.zorgmail.nl/domainbook.txt,cloud
salonized.com,cloud
schoolbank.nl,social
sowo.kr,shortener
stackstorage.com,storage
thuiswinkel.org/leden,orgs
tikkie.me/pay,fin
topdesk.net,cloud
tripolis.com/public,comm
tweakers.net/shopreview,orgs
twimmer.com,comm
userfiles.mailswitch.nl,docs
uwzorgonline.nl,cloud
webshopapp.com,cloud
webshopchecker.nl/shop,orgs
webwinkelkeur.nl/webshop,orgs
www.ing.nl/particulier/betaalverzoek,fin
whydonate.nl/fundraising,fin
zoek.officielebekendmakingen.nl,docs
zorgkaartnederland.nl,orgs
zorgpleinnoord.nl,orgs
zorgselect.nl,orgs
