rieker-shop.be,torfs
samenfittorfs.be,torfs
schoenentorfs.be,torfs
schoenentorfs.nl,torfs
sterkinjeschoenen.be,torfs
torfs.be,torfs
torfs.nl,torfs
torfssuppliers.be,torfs
volkskrant.nl,devolkskrant
digipass.es,vascomobileproducts
hoplr.com,hoplr
kuleuven.be,kuleuvenlogin
vasco.com,vascoserver-sideproducts
uzleuven.be,uzleuven
cognito-idp.eu-west-1.amazonaws.com,tomorrowland
sp1y1tpaf1.execute-api.eu-west-1.amazonaws.com,tomorrowland
tomorrowland.com,tomorrowland
weareone.world,tomorrowland
kuleuven.be,onlineinschrijvingenbetalingstoepassing
jooki.rocks,jooki
muuselabs.com,jooki
9lives.be,telenetgroup
base.be,telenetgroup
telenet.be,telenetgroup
telenethotspot.be,telenetgroup
telenetsafespot.com,telenetgroup
yelo.be,telenetgroup
yeloplay.be,telenetgroup
twago.com,twago
twago.de,twago
twago.es,twago
twago.fr,twago
twago.it,twago
binaryws.com,derivcom
deriv.app,derivcom
deriv.com,derivcom
github.com,derivcom
hardware.info,hardwareinfo
hwigroup.com,hardwareinfo
hwigroup.net,hardwareinfo
brusselsairlines.com,brusselsairlinesbookings
napoleoncasino.be,napoleongames
napoleondice.be,napoleongames
napoleongames.be,napoleongames
napoleonsports.be,napoleongames
intigriti.com,intigriti
intigriti.io,intigriti
intigriti.me,intigriti
kuleuven.be,print&scan
mynexuz.be,mobile apps
nexuzhealth.be,mobile apps
kuleuven.be,kuleuven-wwwkuleuvenbe
kinepolis.be,website
kinepolis.biz,website
kinepolis.ch,website
kinepolis.com,website
kinepolis.es,website
kinepolis.fr,website
kinepolis.lu,website
kinepolis.nl,website
kinepolisempresas.com,website
megatix.be,website
tempo-team.be,tempo-team
tempo-team.com,tempo-team
tempo-team.nl,tempo-team
intigriti.io,junexsschallenge
suivo.com,suivoweb
belgianmobileid.be,itsme
itsme.be,itsme
sixdots.be,itsme
gulp-shop.de,gulp
gulp.ch,gulp
gulp.com,gulp
gulp.de,gulp
tendertracker.de,gulp
arkane.network,arkanenetwork
kuleuven.be,accessrouter
vznkul.be,ehealthhub&meta-hubvznkul
cadelam.be,privatebankdelen
cadelux.lu,privatebankdelen
delen.be,privatebankdelen
delen.ch,privatebankdelen
delen.digital,privatebankdelen
delen.lu,privatebankdelen
oyens.com,privatebankdelen
brusselsairlines.com,website
onespan.cloud,tmp
das.eu,eurid
dns.eu,eurid
eurid.eu,eurid
nic.eu,eurid
registry.eu,eurid
whois.eu,eurid
sentiance.com,sentiance
tweakblogs.net,tweakers
tweakers.net,tweakers
tweakimg.net,tweakers
military.com,monsterworldwide
monster.at,monsterworldwide
monster.be,monsterworldwide
monster.ca,monsterworldwide
monster.ch,monsterworldwide
monster.co.uk,monsterworldwide
monster.com,monsterworldwide
monster.cz,monsterworldwide
monster.de,monsterworldwide
monster.dk,monsterworldwide
monster.es,monsterworldwide
monster.eu,monsterworldwide
monster.fi,monsterworldwide
monster.fr,monsterworldwide
monster.hu,monsterworldwide
monster.ie,monsterworldwide
monster.it,monsterworldwide
monster.lu,monsterworldwide
monster.no,monsterworldwide
monster.pt,monsterworldwide
monster.se,monsterworldwide
monsterboard.nl,monsterworldwide
monsterpolska.pl,monsterworldwide
nexuzhealth.be,nexuzhealthwebpacs
bpost.be,bpost2
bpost2.be,bpost2
