airbnb.com,airbnb
airbnbcitizen.com,airbnb
atairbnb.com,airbnb
withairbnb.com,airbnb
byairbnb.com,airbnb
muscache.com,airbnb
airbnb-aws.com,airbnb
luxuryretreats.com,airbnb
luckeyhomes.com,airbnb
luckey.fr,airbnb
luckey.app,airbnb
luckey.in,airbnb
urbandoor.com,airbnb
hoteltonight-test.com,airbnb
luckey.partners,airbnb
airtable.com,airtable
staging-airtableblocks.com,airtable
algolia.com,algolia
algolia.net,algolia
algolianet.com,algolia
lazada.sg,alibaba
cainiao.com,alibaba
alibaba.com,alibaba
aliexpress.com,alibaba
taobao.com,alibaba
tmall.com,alibaba
aliyun.com,alibaba
alibabacloud.com,alibaba
1688.com,alibaba
dingtalk.com,alibaba
alibaba-inc.com,alibaba
aliyun-inc.com,alibaba
alibabagroup.com,alibaba
alimama.com,alibaba
allegrosandbox.pl,allegro
augur.net,augurproject
tumblr.com,automattic
umblr.com,automattic
txmblr.com,automattic
backblaze.com,backblaze
backblazeb2.com,backblaze
binary.com,binary
bitaccessbtm.com,bitaccess
faa.st,bitaccess
bitmex.com,bitmex
blockchain.com,blockchain
blockchain.info,blockchain
bmw.de,bmwgroup
mini.de,bmwgroup
bmw-motorrad.de,bmwgroup
basicattentiontoken.org,brave
brave.com,brave
casper.com,casper
casper.tools,casper
github.com,celo
celo.org,celo
chain.link,chainlink
smartcontract.com,chainlink
chaturbate.com,chaturbate
highwebmedia.com,chaturbate
securegatewayaccess.com,chaturbate
coda.io,coda_bbp
coinbase.com,coinbase
cbhq.net,coinbase
paradex.io,coinbase
creditkarma.com,creditkarma
creditkarma.ca,creditkarma
crowdstrike.com,crowdstrike
crowdstrike.org,crowdstrike
reverse.it,crowdstrike
falcon-sandbox.com,crowdstrike
hybrid-analysis.com,crowdstrike
crypto.com,crypto
mona.co,crypto
imaginecurve.com,curve
curve.com,curve
curve.app,curve
dashlane.com,dashlane
datastax.com,datastax
deliveroo-data.net,deliveroo
deliveroo-data.io,deliveroo
deliveroo-data-test.io,deliveroo
deliveroo-streams.net,deliveroo
dropbox.com,dropbox
hellosign.com,dropbox
helloworks.com,dropbox
dropboxforum.com,dropbox
eobot.com,eobotcom
fdbox.net,fanduel
fanduel.com,fanduel
fanduel.design,fanduel
files.com,files
filezilla-project.org,filezilla
flickr.com,flickr
forescoutcloud.net,forescout_technologies
forescout.com,forescout_technologies
ForescoutCloud.net,forescout_technologies
amazonaws.com,forescout_technologies
fortmatic.com,fortmatic_inc
magic.link,fortmatic_inc
GitHub.com,github
github.com,github
githubapp.com,github
github.net,github
semmle.net,github
semmle.com,github
gitlab.com,gitlab
gitter.im,gitlab
glassdoor.com,glassdoor
goldmansachs.com,goldmansachs
gs.com,goldmansachs
goldman.com,goldmansachs
marcus.com,goldmansachs
honestdollar.com,goldmansachs
marcus.co.uk,goldmansachs
gsam.com,goldmansachs
gsselect.com,goldmansachs
goldmansachsindices.com,goldmansachs
ayco.com,goldmansachs
rocaton.com,goldmansachs
gspublishing.com,goldmansachs
claritymoney.com,goldmansachs
goodrx.com,goodrx
myteksi.com,grab
myteksi.net,grab
grab.com,grab
grabtaxi.com,grab
grab.co,grab
grabpay.com,grab
grab.careers,grab
grammarly.com,grammarly
grammarly.io,grammarly
grammarly.net,grammarly
grammarly.ai,grammarly
greenhouse.io,greenhouse
harvestapp.com,harvest
forecastapp.com,harvest
getharvest.com,harvest
helium.com,helium
helium.systems,helium
hyatt.com,hyatt
iandunn.name,iandunn-projects
innogames.com,innogames
innogames.de,innogames
forgeofempires.com,innogames
igpayment.com,innogames
elvenar.com,innogames
grepolis.com,innogames
tribalwars.cash,innogames
insolar.io,insolar
rsk.co,iovlabs
irccloud.com,irccloud
irccloud-cdn.com,irccloud
unibet.com,kindred_group
storspiller.com,kindred_group
bingo.com,kindred_group
mariacasino.com,kindred_group
kolikkopelit.com,kindred_group
casinohuone.com,kindred_group
igame.com,kindred_group
k8s.io,kubernetes
kubernetes.io,kubernetes
github.io,kubernetes
liberapay.com,liberapay
liberapay.org,liberapay
lifeomic.com,lifeomic
jupiterone.io,lifeomic
line.me,line
line-apps.com,line
naver.jp,line
livestream.com,livestream
lob.com,lob
lob-assets.com,lob
lahitapiola.fi,localtapiola
tapiola.fi,localtapiola
lahitapiolarahoitus.fi,localtapiola
lyst.com,lyst
lystit.com,lyst
lyst.co,lyst
magento.com,magento
magentocommerce.com,magento
magentolive.com,magento
magento.cloud,magento
magisto.com,magisto
makerdao.com,makerdao_bbp
mapbox.com,mapbox
innocraft.cloud,matomo
maximum.nl,maximum
werkenbijdefensie.nl,maximum
werkenbijderet.nl,maximum
werkenbijbakertilly.nl,maximum
evonik.com,maximum
devmaximum.com,maximum
moneybird.com,moneybird
moneybirdstorage.com,moneybird
tkn.zone,monolith
newrelic.com,newrelic
nextcloud.com,nextcloud
nordvpn.com,nordvpn
github.com,oasis_protocol_foundation
oasiscloud.io,oasis_protocol_foundation
ok.ru,ok
tamtam.chat,ok
ok.me,ok
omise.co,omise
open-xchange.com,open-xchange
betfair.com,paddypowerbetfair
paddypower.com,paddypowerbetfair
betfair.es,paddypowerbetfair
betfair.it,paddypowerbetfair
betfair.ro,paddypowerbetfair
betfair.se,paddypowerbetfair
paddypower.it,paddypowerbetfair
xoom.com,paypal
paypal.com,paypal
braintreegateway.com,paypal
paydiant.com,paypal
venmo.com,paypal
paypalobjects.com,paypal
paypal.me,paypal
py.pl,paypal
braintreepayments.com,paypal
braintree-api.com,paypal
braintree.tools,paypal
swiftfinancial.com,paypal
swiftcapital.com,paypal
loanbuilder.com,paypal
pingone.com,pingidentity
booth.pm,pixiv
pixiv.net,pixiv
vroid.com,pixiv
plaid.com,plaid
playstation.net,playstation
sonyentertainmentnetwork.com,playstation
playstation.com,playstation
pornhub.com,pornhub
pornhubpremium.com,pornhub
portswigger.net,portswigger
web-security-academy.net,portswigger
postmates.com,postmates
priceline.com,priceline
rezserver.com,priceline
bookingholdings.com,priceline
qiwi.com,qiwi
qiwi.me,qiwi
sovest.ru,qiwi
rapida.ru,qiwi
contact-sys.com,qiwi
rocketbank.ru,qiwi
flocktory.com,qiwi
quantopian.com,quantopian
dynoquant.com,quantopian
quantshack.com,quantopian
quora.com,quora
recarga.com,recargapay
recargapay.com.br,recargapay
robinhood.com,robinhood
roblox.com,roblox
rbx.com,roblox
rockstargames.com,rockstargames
lifeinvader.com,rockstargames
rockstarnorth.com,rockstargames
rubygems.org,rubygems
savedroid.de,savedroid
savedroid.com,savedroid
gobitcoinking.com,savedroid
secnews.gr,secnews
hackerone.com,security
amazonaws.com,security
hackerone.net,security
hackerone-ext-content.com,security
hackerone-user-content.com,security
hacker101.com,security
semrush.com,semrush
berush.com,semrush
labs-semrush.com,semrush
shipt.com,shipt
myshopify.com,shopify
shopify.com,shopify
shopifykloud.com,shopify
exchangemarketplace.com,shopify
showmax.com,showmax
slack.com,slack
slackb.com,slack
smartsheet.com,smartsheet
snapchat.com,snapchat
bitmoji.com,snapchat
bitstrips.com,snapchat
scan.me,snapchat
spectacles.com,snapchat
spotify.com,spotify
spotify.net,spotify
spotifyforbrands.com,spotify
backstage.io,spotify
starbucks.co.jp,starbucks
starbucks.com.cn,starbucks
starbucks.de,starbucks
starbucks.fr,starbucks
starbucks.co.uk,starbucks
starbucks.com.br,starbucks
starbucks.ca,starbucks
starbucks.com,starbucks
istarbucks.co.kr,starbucks
starbucks.com.sg,starbucks
teavana.com,starbucks
starbucksreserve.com,starbucks
github.com,tronfoundation
trustpilot.com,trustpilot
cloud.gov,tts
data.gov,tts
github.com,tts
login.gov,tts
usa.gov,tts
18f.gov,tts
code.gov,tts
fedramp.gov,tts
search.gov,tts
vote.gov,tts
gsa.gov,tts
tube8.com,tube8
tube8.fr,tube8
tube8.es,tube8
twitter.com,twitter
vine.co,twitter
periscope.tv,twitter
pscp.tv,twitter
twimg.com,twitter
gnip.com,twitter
mopub.com,twitter
niche.co,twitter
snappytv.com,twitter
twitterflightschool.com,twitter
ubnt.com,ui
ui.com,ui
unikrn.com,unikrn
unikoingold.com,unikrn
pinion.gg,unikrn
upserve.com,upserve
breadcrumb.com,upserve
swipely.com,upserve
cloudfront.net,upserve
amazonaws.com,upserve
vulnerbug.com,upserve
urbandictionary.com,urbandictionary
urbandictionary.net,urbandictionary
urbandictionary.biz,urbandictionary
github.io,urbandictionary
urbandictionary.org,urbandictionary
ud.wtf,urbandictionary
udimg.com,urbandictionary
urbandictionary.blog,urbandictionary
urbanup.com,urbandictionary
urbandictionary.store,urbandictionary
dota2.com,valve
steampowered.com,valve
valvesoftware.com,valve
steamgames.com,valve
steamcommunity.com,valve
teamfortress.com,valve
counter-strike.net,valve
playartifact.com,valve
vanillaforums.com,vanilla
vanillacommunities.com,vanilla
vanillastaging.com,vanilla
vanilladevelopment.com,vanilla
yahoo.com,verizonmedia
yahooapis.com,verizonmedia
vhx.tv,vhx
vimeo.com,vimeo
vimeopro.com,vimeo
magisto.com,vimeo
vismaonline.com,visma
visma.com,visma
workbox.dk,visma
wordpress.org,wordpress
wordcamp.org,wordpress
doaction.org,wordpress
buddypress.org,wordpress
wordpressfoundation.org,wordpress
wordpress.net,wordpress
mi.com,xiaomi
xiaomi.com,xiaomi
miui.com,xiaomi
xiaomiyoupin.com,xiaomi
miwifi.com,xiaomi
yelp.com,yelp
yelpreservations.com,yelp
yelp-support.com,yelp
nowait.com,yelp
yelpwifi.com,yelp
zendesk.com,zendesk
znly.co,zenly
zen.ly,zenly
zomato.com,zomato
zdev.net,zomato
zomatobook.com,zomato
uber.com,uber
uber.org,uber
ubereats.com,uber
ubermovement.com,uber
uberinternal.com,uber
