https://api.intigriti.com/core/program/torfs/torfs,torfs
rieker-shop.be,torfs
samenfittorfs.be,torfs
schoenentorfs.be,torfs
schoenentorfs.nl,torfs
sterkinjeschoenen.be,torfs
torfs.be,torfs
torfs.nl,torfs
torfssuppliers.be,torfs
https://api.intigriti.com/core/program/depersgroep/devolkskrant,devolkskrant
volkskrant.nl,devolkskrant
https://api.intigriti.com/core/program/vasco/vascomobileproducts,vascomobileproducts
digipass.es,vascomobileproducts
https://api.intigriti.com/core/program/hoplr/hoplr,hoplr
hoplr.com,hoplr
https://api.intigriti.com/core/program/kuleuven/kuleuvenlogin,kuleuvenlogin
kuleuven.be,kuleuvenlogin
https://api.intigriti.com/core/program/vasco/vascoserver-sideproducts,vascoserver-sideproducts
vasco.com,vascoserver-sideproducts
https://api.intigriti.com/core/program/uz%20leuven/uzleuven,uzleuven
uzleuven.be,uzleuven
https://api.intigriti.com/core/program/tomorrowland/tomorrowland,tomorrowland
amazonaws.com,tomorrowland
tomorrowland.com,tomorrowland
weareone.world,tomorrowland
https://api.intigriti.com/core/program/kuleuven/onlineinschrijvingenbetalingstoepassing,onlineinschrijvingenbetalingstoepassing
kuleuven.be,onlineinschrijvingenbetalingstoepassing
https://api.intigriti.com/core/program/muuselabs/jooki,jooki
jooki.rocks,jooki
muuselabs.com,jooki
https://api.intigriti.com/core/program/telenet/telenetgroup,telenetgroup
9lives.be,telenetgroup
base.be,telenetgroup
telenet.be,telenetgroup
telenethotspot.be,telenetgroup
telenetsafespot.com,telenetgroup
yelo.be,telenetgroup
yeloplay.be,telenetgroup
https://api.intigriti.com/core/program/randstad/twago,twago
twago.com,twago
twago.de,twago
twago.es,twago
twago.fr,twago
twago.it,twago
https://api.intigriti.com/core/program/deriv/derivcom,derivcom
binaryws.com,derivcom
deriv.app,derivcom
deriv.com,derivcom
github.com,derivcom
https://api.intigriti.com/core/program/depersgroep/hardwareinfo,hardwareinfo
hardware.info,hardwareinfo
hwigroup.com,hardwareinfo
hwigroup.net,hardwareinfo
https://api.intigriti.com/core/program/brusselsairlines/brusselsairlinesbookings,brusselsairlinesbookings
brusselsairlines.com,brusselsairlinesbookings
https://api.intigriti.com/core/program/hucklu/napoleongames,napoleongames
napoleoncasino.be,napoleongames
napoleondice.be,napoleongames
napoleongames.be,napoleongames
napoleonsports.be,napoleongames
https://api.intigriti.com/core/program/intigriti/intigriti,intigriti
intigriti.com,intigriti
intigriti.io,intigriti
intigriti.me,intigriti
https://api.intigriti.com/core/program/kuleuven/print%26scan,print&scan
kuleuven.be,print&scan
https://api.intigriti.com/core/program/uz%20leuven/mobile%20apps,mobile apps
mynexuz.be,mobile apps
nexuzhealth.be,mobile apps
https://api.intigriti.com/core/program/kuleuven/kuleuven-wwwkuleuvenbe,kuleuven-wwwkuleuvenbe
kuleuven.be,kuleuven-wwwkuleuvenbe
https://api.intigriti.com/core/program/kinepolis/website,website
kinepolis.be,website
kinepolis.biz,website
kinepolis.ch,website
kinepolis.com,website
kinepolis.es,website
kinepolis.fr,website
kinepolis.lu,website
kinepolis.nl,website
kinepolisempresas.com,website
megatix.be,website
https://api.intigriti.com/core/program/randstad/tempo-team,tempo-team
tempo-team.be,tempo-team
tempo-team.com,tempo-team
tempo-team.nl,tempo-team
https://api.intigriti.com/core/program/intigriti/junexsschallenge,junexsschallenge
intigriti.io,junexsschallenge
https://api.intigriti.com/core/program/suivo/suivoweb,suivoweb
suivo.com,suivoweb
https://api.intigriti.com/core/program/itsme/itsme,itsme
belgianmobileid.be,itsme
itsme.be,itsme
sixdots.be,itsme
https://api.intigriti.com/core/program/randstad/gulp,gulp
gulp-shop.de,gulp
gulp.ch,gulp
gulp.com,gulp
gulp.de,gulp
tendertracker.de,gulp
https://api.intigriti.com/core/program/randstad/randstad,randstad
https://api.intigriti.com/core/program/randstad/risesmart,risesmart
https://api.intigriti.com/core/program/arkane/arkanenetwork,arkanenetwork
arkane.network,arkanenetwork
https://api.intigriti.com/core/program/kuleuven/accessrouter,accessrouter
kuleuven.be,accessrouter
https://api.intigriti.com/core/program/uz%20leuven/ehealthhub%26meta-hubvznkul,ehealthhub&meta-hubvznkul
vznkul.be,ehealthhub&meta-hubvznkul
https://api.intigriti.com/core/program/delenprivatebank/privatebankdelen,privatebankdelen
cadelam.be,privatebankdelen
cadelux.lu,privatebankdelen
delen.be,privatebankdelen
delen.ch,privatebankdelen
delen.digital,privatebankdelen
delen.lu,privatebankdelen
oyens.com,privatebankdelen
https://api.intigriti.com/core/program/brusselsairlines/website,website
brusselsairlines.com,website
https://api.intigriti.com/core/program/vasco/tmp,tmp
onespan.cloud,tmp
https://api.intigriti.com/core/program/eurid/eurid,eurid
das.eu,eurid
dns.eu,eurid
eurid.eu,eurid
nic.eu,eurid
registry.eu,eurid
whois.eu,eurid
https://api.intigriti.com/core/program/pdq/pdq,pdq
https://api.intigriti.com/core/program/sentiance/sentiance,sentiance
sentiance.com,sentiance
https://api.intigriti.com/core/program/depersgroep/tweakers,tweakers
tweakblogs.net,tweakers
tweakers.net,tweakers
tweakimg.net,tweakers
https://api.intigriti.com/core/program/randstad/monsterworldwide,monsterworldwide
military.com,monsterworldwide
monster.at,monsterworldwide
monster.be,monsterworldwide
monster.ca,monsterworldwide
monster.ch,monsterworldwide
monster.co.uk,monsterworldwide
monster.com,monsterworldwide
monster.cz,monsterworldwide
monster.de,monsterworldwide
monster.dk,monsterworldwide
monster.es,monsterworldwide
monster.eu,monsterworldwide
monster.fi,monsterworldwide
monster.fr,monsterworldwide
monster.hu,monsterworldwide
monster.ie,monsterworldwide
monster.it,monsterworldwide
monster.lu,monsterworldwide
monster.no,monsterworldwide
monster.pt,monsterworldwide
monster.se,monsterworldwide
monsterboard.nl,monsterworldwide
monsterpolska.pl,monsterworldwide
https://api.intigriti.com/core/program/uz%20leuven/nexuzhealthwebpacs,nexuzhealthwebpacs
nexuzhealth.be,nexuzhealthwebpacs
https://api.intigriti.com/core/program/bpost/bpost2,bpost2
bpost.be,bpost2
bpost2.be,bpost2
