atdmt.com,facebook
cdninstagram.com,facebook
facebook.com,facebook
facebook.net,facebook
fbcdn.com,facebook
fbcdn.net,facebook
fb.com,facebook
fbsbx.com,facebook
instagram.com,facebook
messenger.com,facebook
oculus.com,facebook
oculusbrand.com,facebook
oculusforbusiness.com,facebook
oculusvr.com,facebook
tfbnw.net,facebook
whatsapp.com,facebook
workplace.com,facebook
workplace.tools,facebook
google,google
1e100.net,google
466453.com,google
abc.xyz,google
admob.com,google
adsense.com,google
adwords.com,google
android.com,google
chromebook.com,google
chrome.com,google
chromium.org,google
cobrasearch.com,google
doubleclick.com,google
duck.com,google
foofle.com,google
froogle.com,google
g.co,google
ggoogle.com,google
ggpht.com,google
gmail.com,google
gmodules.com,google
gogle.com,google
gogole.com,google
googel.com,google
googl.com,google
googleadservices.com,google
google-analytics.com,google
googleanalytics.com,google
googleapis.com,google
googleapps.com,google
googlearth.com,google
googlebot.com,google
googlecapital.com,google
googlecode.com,google
googlecommerce.com,google
googledrive.com,google
googleearth.com,google
googlee.com,google
googlemail.com,google
googlemaps.com,google
google.net,google
google.org,google
Google.org,google
googlepagecreator.com,google
googlescholar.com,google
googlesource.com,google
googlesyndication.com,google
googletagmanager.com,google
googleusercontent.com,google
googlr.com,google
goolge.com,google
gooogle.com,google
gv.com,google
keyhole.com,google
like.com,google
madewithcode.com,google
panoramio.com,google
urchin.com,google
waze.com,google
whatbrowser.org,google
withgoogle.com,google
youtubeeducation.com,google
youtubegaming.com,google
youtube-nocookie.com,google
ytimg.com,google
uber.com,uber
uber.org,uber
ubereats.com,uber
ubermovement.com,uber
uberinternal.com,uber
