stopcovid.gouv.fr,stopcovid-bugbounty-program
notebleue.com,zecible-public-bug-bounty-program
zecible.fr,zecible-public-bug-bounty-program
cybermalveillance.gouv.fr,cybermalveillance-gouv-fr-sensibilization-prevention-and-support-in-terms-of-cybersecurity
olvid.io,olvid-the-most-secure-messaging-app-in-the-world
centralnic.com,centralnic-registry-web-applications
centralnic-dns.com,centralnic-registry-web-applications
centralnicregistry.com,centralnic-registry-web-applications
centralnicgroup.com,centralnic-registry-web-applications
centralnic.tech,centralnic-registry-web-applications
as42044.net,centralnic-registry-web-applications
tchap.gouv.fr,tchap
yeswehack.com,yes-we-hack
deezer.com,deezer-bug-bounty-program-2019
outscale.com,outscale
dailymotion.com,dailymotion-public-bug-bounty
dmcdn.net,dailymotion-public-bug-bounty
dailymotionadvertising.com,dailymotion-public-bug-bounty
dm.gg,dailymotion-public-bug-bounty
mtrx.ovh,matrixalm
matrixreq.com,matrixalm
blablacar.cz,bug-bounty-program-blablacar
blablacar.de,bug-bounty-program-blablacar
blablacar.co.uk,bug-bounty-program-blablacar
blablacar.in,bug-bounty-program-blablacar
blablacar.es,bug-bounty-program-blablacar
blablacar.mx,bug-bounty-program-blablacar
blablacar.be,bug-bounty-program-blablacar
blablacar.fr,bug-bounty-program-blablacar
blablacar.hr,bug-bounty-program-blablacar
blablacar.hu,bug-bounty-program-blablacar
blablacar.it,bug-bounty-program-blablacar
blablacar.nl,bug-bounty-program-blablacar
blablacar.pl,bug-bounty-program-blablacar
blablacar.com.br,bug-bounty-program-blablacar
blablacar.pt,bug-bounty-program-blablacar
blablacar.ro,bug-bounty-program-blablacar
blablacar.ru,bug-bounty-program-blablacar
blablacar.com,bug-bounty-program-blablacar
blablacar.gg,bug-bounty-program-blablacar
blablacar.com.tr,bug-bounty-program-blablacar
blablacar.com.ua,bug-bounty-program-blablacar
linternaute.com,linternaute-restaurant-ccm-benchmark-group
sogexia.com,sogexia
ccm.net,ccm-net-ccm-benchmark-group
journaldesfemmes.com,ccm-net-ccm-benchmark-group
ovh.com,ovh
qwant.com,qwant
qwantjunior.com,qwant
