1ratio.nl;rijksoverheid
2015.woononderzoek.nl;rijksoverheid
2todrive.nl;rijksoverheid
a16rotterdam.nl;rijksoverheid
a1oost.nl;rijksoverheid
a27a12ringutrecht.nl;rijksoverheid
a27houtenhooipolder.nl;rijksoverheid
a28a1knooppunthoevelaken.nl;rijksoverheid
a4burgerveen-n14.nl;rijksoverheid
a4haaglanden-n14.nl;rijksoverheid
a58tilburgbreda.nl;rijksoverheid
a6zonlelystaddronten.nl;rijksoverheid
aanbiedersmedicijnen.nl;rijksoverheid
aandachtvoorelkaar.nl;rijksoverheid
aandeslagmetdeomgevingswet.nl;rijksoverheid
aaninhetdonker.nl;rijksoverheid
aanmelder.nl;rijksoverheid
aanpaklerarentekort.nl;rijksoverheid
aanpakstikstof.nl;rijksoverheid
aanvraag-beheer.ciz.nl;rijksoverheid
aanvraagwietteelt.nl;rijksoverheid
aanvragen.nza.nl;rijksoverheid
aardgasvrijewijken.nl;rijksoverheid
abdleerportaal.nl;rijksoverheid
abonneren.rsj.nl;rijksoverheid
academie.belastingdienst.nl;rijksoverheid
academie.hetcak.nl;rijksoverheid
academieinternationalebetrekkingen.nl;rijksoverheid
academievoorhetonderwijstoezicht.nl;rijksoverheid
academy.cbs.nl;rijksoverheid
academy.forensischinstituut.nl;rijksoverheid
academyinternationalrelations.nl;rijksoverheid
acmacademie.nl;rijksoverheid
acm.nl;rijksoverheid
actal.nl;rijksoverheid
actiemonitoringce.nl;rijksoverheid
actuelewaterdata.nl;rijksoverheid
acvz.org;rijksoverheid
adr.trainingscatalogus.nl;rijksoverheid
adviescollegeicttoetsing.nl;rijksoverheid
adviescollegeveiligheidgroningen.nl;rijksoverheid
adviescommissiedbe.nl;rijksoverheid
adviescommissievolkenrecht.nl;rijksoverheid
adviescommissievoorvreemdelingenzaken.nl;rijksoverheid
adviescommissieweigerendeobservandi.nl;rijksoverheid
adviesraadinternationalevraagstukken.nl;rijksoverheid
adviezen.raadrvs.nl;rijksoverheid
advisorycommitteeinternationallaw.nl;rijksoverheid
advisorycouncilinternationalaffairs.nl;rijksoverheid
aerius.nl;rijksoverheid
afm.nl;rijksoverheid
afsprakenstelsel.etoegang.nl;rijksoverheid
afvalcirculair.nl;rijksoverheid
afvalmonitor.databank.nl;rijksoverheid
agendaijsselmeergebied2050.nl;rijksoverheid
agendalaadinfrastructuur.nl;rijksoverheid
agendastad.nl;rijksoverheid
agendavoorhetwaddengebied2050.nl;rijksoverheid
agentschaptelecom.nl;rijksoverheid
agrimatie.nl;rijksoverheid
agroberichtenbuitenland.nl;rijksoverheid
agrologistiek.nl;rijksoverheid
ahn.nl;rijksoverheid
aimonline.nl;rijksoverheid
aivd.nl;rijksoverheid
akkoordverbeteringproductsamenstelling.nl;rijksoverheid
alertonline.nl;rijksoverheid
algemenebestuursdienst.nl;rijksoverheid
alleenjijbepaalt.nl;rijksoverheid
allesoversport.nl;rijksoverheid
alliantiemedicatieveiligheid.nl;rijksoverheid
almanak.overheid.nl;rijksoverheid
ambassadeursconferentie.nl;rijksoverheid
amberalert.nl;rijksoverheid
amice.lma.nl;rijksoverheid
amlc.eu;rijksoverheid
amlc.nl;rijksoverheid
annualreport.dopingautoriteit.nl;rijksoverheid
anprnet.nl;rijksoverheid
antennebureau.nl;rijksoverheid
apothekerskast.riec.nl;rijksoverheid
app.pianoo-congres.nl;rijksoverheid
aqualarm.rws.nl;rijksoverheid
aquo.nl;rijksoverheid
arboportaal.nl;rijksoverheid
archiefweb.eu;rijksoverheid
archis.cultureelerfgoed.nl;rijksoverheid
architectenregister.nl;rijksoverheid
arorijk.nl;rijksoverheid
asbestovertredingen.inspectieszw.nl;rijksoverheid
asbestvolgsysteem.nl;rijksoverheid
atgb.nl;rijksoverheid
atlasinfectieziekten.nl;rijksoverheid
atlasleefomgeving.nl;rijksoverheid
atlasnatuurlijkkapitaal.nl;rijksoverheid
atr-regeldruk.nl;rijksoverheid
authenticatie.inspectieview.nl;rijksoverheid
autoriteitnvs.nl;rijksoverheid
autoriteitpersoonsgegevens.nl;rijksoverheid
avghelpdeskzorg.nl;rijksoverheid
avgregisterrijksoverheid.nl;rijksoverheid
awti.nl;rijksoverheid
bag.basisregistraties.overheid.nl;rijksoverheid
bankdataretrievalportal.nl;rijksoverheid
basisinformatie-overstromingen.nl;rijksoverheid
basismonitoring.nl;rijksoverheid
basismonitoringwadden.nl;rijksoverheid
basismonitoringwadden.waddenzee.nl;rijksoverheid
basisregistratieondergrond.nl;rijksoverheid
bdmuseum.nl;rijksoverheid
bedrijfscommissieoverheid.nl;rijksoverheid
bedrijvenbeleidinbeeld.nl;rijksoverheid
beeldbank.cultureelerfgoed.nl;rijksoverheid
beeldbank.rws.nl;rijksoverheid
beeldkompas.nl;rijksoverheid
beheerautoriteitwadden.nl;rijksoverheid
beheerautoriteitwaddenzee.nl;rijksoverheid
beheerdetoekomst.nl;rijksoverheid
bekijkjepensioenregeling.nl;rijksoverheid
belandadananda.nl;rijksoverheid
belastingdienst-cn.nl;rijksoverheid
belastingdienst.nl;rijksoverheid
belastingdienst-ondernemerscheck.nl;rijksoverheid
beleefdenationaleparken.nl;rijksoverheid
bentwoud.staatsbosbeheer.nl;rijksoverheid
beschutaandebak.nl;rijksoverheid
beslisboom.forumstandaardisatie.nl;rijksoverheid
bestandenpostbus.nl;rijksoverheid
bestrijdingsmiddelen-omwonenden.nl;rijksoverheid
beterbenutten.nl;rijksoverheid
bezoekerscentrum.rijkswaterstaat.nl;rijksoverheid
bezoekhetrijk.nl;rijksoverheid
bezorgdedienders.nl;rijksoverheid
bics.nl;rijksoverheid
biedboek.nl;rijksoverheid
bigregister.nl;rijksoverheid
bij12.nl;rijksoverheid
bijzonderebijstandbuitenland.nl;rijksoverheid
binnl.nl;rijksoverheid
biociden.nl;rijksoverheid
biodiversiteit.nl;rijksoverheid
biodiversity-chm.nl;rijksoverheid
bio-enerco.com;rijksoverheid
bio-overheid.nl;rijksoverheid
biotechnologie.rivm.nl;rijksoverheid
bkd.eu;rijksoverheid
bkwi.nl;rijksoverheid
blankenburgverbinding.nl;rijksoverheid
blockchainpilots.nl;rijksoverheid
bmw9520.waddenzee.nl;rijksoverheid
bodemambities.nl;rijksoverheid
bodemloket.nl;rijksoverheid
bodemplus.nl;rijksoverheid
bodemrichtlijn.nl;rijksoverheid
bodemvizier.nl;rijksoverheid
boetebase.om.nl;rijksoverheid
bom.pleio.nl;rijksoverheid
bonairegov.com;rijksoverheid
boswachtersblog.nl;rijksoverheid
bouwcollege.nl;rijksoverheid
bouwplaatsirm.nl;rijksoverheid
braic.nl;rijksoverheid
brandweer.nl;rijksoverheid
brexitloket.nl;rijksoverheid
brk.basisregistraties.overheid.nl;rijksoverheid
bronhouderportaal-bro.nl;rijksoverheid
brt.basisregistraties.overheid.nl;rijksoverheid
brzoplus.nl;rijksoverheid
bsv.nu;rijksoverheid
building-with-nature.eu;rijksoverheid
buitenlevenvakanties.nl;rijksoverheid
bun-k.nl;rijksoverheid
bureaubiosecurity.nl;rijksoverheid
bureauft.nl;rijksoverheid
bureautoetsinginvesteringen.nl;rijksoverheid
burgernet.nl;rijksoverheid
business.gov.nl;rijksoverheid
bzconferencing.nl;rijksoverheid
bzksocialmedia.nl;rijksoverheid
c2000.nl;rijksoverheid
campagnetoolkits.nl;rijksoverheid
cannabisbureau.nl;rijksoverheid
caop.nl;rijksoverheid
cao-politie.nl;rijksoverheid
caorijk.nl;rijksoverheid
cas2021.com;rijksoverheid
cas2021.nl;rijksoverheid
catalogus.cultureelerfgoed.nl;rijksoverheid
cbgdagvandeiv.nl;rijksoverheid
cbgjaarverslag.nl;rijksoverheid
cbg-meb.nl;rijksoverheid
cbhc.hetcak.nl;rijksoverheid
cbho.nl;rijksoverheid
cbi.eu;rijksoverheid
cbpbes.com;rijksoverheid
cbr.nl;rijksoverheid
cbsinuwbuurt.nl;rijksoverheid
cbs.nl;rijksoverheid
ccmo.nl;rijksoverheid
ceg.nl;rijksoverheid
centraalaanspreekpuntpensioenen.belastingdienst.nl;rijksoverheid
centralecommissiedierproeven.nl;rijksoverheid
centraleeindtoetspo.nl;rijksoverheid
centruminternationaalrecht.nl;rijksoverheid
centrumvoorstandaarden.nl;rijksoverheid
cert.nl;rijksoverheid
cert.pkioverheid.nl;rijksoverheid
charmprogramma.nl;rijksoverheid
charmprogramme.com;rijksoverheid
checkjebrexit.nl;rijksoverheid
checklistasbest.nl;rijksoverheid
checklistuitzendbureaus.nl;rijksoverheid
checklistvib.nl;rijksoverheid
chemischestoffengoedgeregeld.nl;rijksoverheid
cibgacademie.nl;rijksoverheid
cibg.nl;rijksoverheid
cip-overheid.nl;rijksoverheid
circularfestivals.nl;rijksoverheid
cito.nl;rijksoverheid
citychlor-news.eu;rijksoverheid
ciz.databank.nl;rijksoverheid
ciz.nl;rijksoverheid
cjib.nl;rijksoverheid
ckmbo.nl;rijksoverheid
climatescenarios.nl;rijksoverheid
clinicaltrialregister.nl;rijksoverheid
clo.nl;rijksoverheid
coa.nl;rijksoverheid
codexalimentarius.nl;rijksoverheid
cogemjaarverslag.net;rijksoverheid
cokz.nl;rijksoverheid
coldcasekalender.nl;rijksoverheid
collectiefrima.nl;rijksoverheid
collectienederland.nl;rijksoverheid
collegesanering.nl;rijksoverheid
collegevanrijksadviseurs.nl;rijksoverheid
collegiaal.zorginstituutnederland.nl;rijksoverheid
commissiebbv.nl;rijksoverheid
commissiemijnbouwschade.nl;rijksoverheid
commissievanaanbestedingsexperts.nl;rijksoverheid
communicatierijk.nl;rijksoverheid
conferentie-ce.nl;rijksoverheid
congres.destaatvanhetonderwijs.nl;rijksoverheid
consular.mfaservices.nl;rijksoverheid
consuwijzer.nl;rijksoverheid
contactpuntbouwproducten.nl;rijksoverheid
contenttoolsrijksoverheid.nl;rijksoverheid
controle-informatieplicht.infomil.nl;rijksoverheid
coordinatiestroomlijn.nl;rijksoverheid
corbey.nl;rijksoverheid
coronadashboard.government.nl;rijksoverheid
coronadashboard.rijksoverheid.nl;rijksoverheid
coronamelder.nl;rijksoverheid
coronamelder-portal.nl;rijksoverheid
coronatest.nl;rijksoverheid
corpolitie.nl;rijksoverheid
corridoramsterdamhoorn.nl;rijksoverheid
cosmeticaklachten.nl;rijksoverheid
courtmh17.com;rijksoverheid
covm.nl;rijksoverheid
cparegister.nl;rijksoverheid
cpb.nl;rijksoverheid
cps.pkioverheid.nl;rijksoverheid
criminaliteitinbeeld.nl;rijksoverheid
crisisacceptatie.nl;rijksoverheid
crisis.nl;rijksoverheid
crisistest.nl;rijksoverheid
crl.pkioverheid.nl;rijksoverheid
csirtdsp.nl;rijksoverheid
ctgb.nl;rijksoverheid
ctivd.nl;rijksoverheid
cultureelerfgoed.nl;rijksoverheid
cultuurparticipatie.nl;rijksoverheid
cultuursubsidie.nl;rijksoverheid
customsnl-insight.nl;rijksoverheid
cvdm.nl;rijksoverheid
cvdr.overheid.nl;rijksoverheid
cvta.nl;rijksoverheid
cvte.nl;rijksoverheid
cvte-raadpleging.nl;rijksoverheid
cybersecurityalliantie.nl;rijksoverheid
cybersecurityraad.nl;rijksoverheid
daarwordtiedereenbetervan.nl;rijksoverheid
databronnencovid19.nl;rijksoverheid
datagedreventoezicht.pleio.nl;rijksoverheid
data.overheid.nl;rijksoverheid
datavoorgezondheid.nl;rijksoverheid
datawonen.nl;rijksoverheid
dbcregels.nza.nl;rijksoverheid
dcc-ienw.nl;rijksoverheid
dcn-images.nl;rijksoverheid
dcp-time-slot.cbg-meb.nl;rijksoverheid
dcypher.nl;rijksoverheid
deafsluitdijk.nl;rijksoverheid
deassociatedegree.nl;rijksoverheid
debaanvanhetleven.nl;rijksoverheid
debatgemist.tweedekamer.nl;rijksoverheid
deconcurrenten.nl;rijksoverheid
decor.nictiz.nl;rijksoverheid
defensie.nl;rijksoverheid
dejuistezorgopdejuisteplek.nl;rijksoverheid
dekinderombudsman.nl;rijksoverheid
delerarenagenda.nl;rijksoverheid
deltacoalition.net;rijksoverheid
deltaflexjenvmobiliteitscentrum.nl;rijksoverheid
deltaprogramma2019.deltacommissaris.nl;rijksoverheid
deltaprogramma2020.deltacommissaris.nl;rijksoverheid
deltaprogramma.nl;rijksoverheid
deltaviewer.nl;rijksoverheid
demijnraad.nl;rijksoverheid
denationaleomgevingsvisie.nl;rijksoverheid
denkdoeduurzaam.nl;rijksoverheid
denkmee.cvte.nl;rijksoverheid
derdekamer.nl;rijksoverheid
derijkscampus.nl;rijksoverheid
designsprint.gebruikercentraal.nl;rijksoverheid
designthinking.gebruikercentraal.nl;rijksoverheid
deskundigengroepdierziekten.nl;rijksoverheid
destaatvandeeconomie.nl;rijksoverheid
detweedekameraanhetwerk.nl;rijksoverheid
deutsch.postedworkers.nl;rijksoverheid
developer.overheid.nl;rijksoverheid
dewaardevanouderworden.nl;rijksoverheid
dggf.nl;rijksoverheid
dictumagazines.nl;rijksoverheid
dienstkleding.ipkd.nl;rijksoverheid
dienstterugkeerenvertrek.nl;rijksoverheid
diergeneeskunderegister.nl;rijksoverheid
diergeneesmiddeleninformatiebank.nl;rijksoverheid
digicampus.tech;rijksoverheid
digid.nl;rijksoverheid
digiinkoop.nl;rijksoverheid
digilef.nl;rijksoverheid
digimelding.nl;rijksoverheid
diginbft.nl;rijksoverheid
digitaalloket.raadvanstate.nl;rijksoverheid
digitaal.scp.nl;rijksoverheid
digitaleoverheid.nl;rijksoverheid
digitaltrustcenter.nl;rijksoverheid
digitaltrustcommunity.nl;rijksoverheid
digitoegankelijk.nl;rijksoverheid
diplomaregister.nl;rijksoverheid
dischargetest.com;rijksoverheid
discs.nl;rijksoverheid
disportal.nl;rijksoverheid
dji.nl;rijksoverheid
dnadatabank.forensischinstituut.nl;rijksoverheid
dnb.nl;rijksoverheid
doc-direkt.nl;rijksoverheid
docs.centrumvoorstandaarden.nl;rijksoverheid
doemeemetmdt.nl;rijksoverheid
domeinenrz.nl;rijksoverheid
donorgegevens.nl;rijksoverheid
donorregister.nl;rijksoverheid
doorstroomatlas-vmbo.nl;rijksoverheid
doortrappen.nl;rijksoverheid
dopefree.nl;rijksoverheid
dopingautoriteit.com;rijksoverheid
dopingautoriteit.nl;rijksoverheid
dopinginfo.nl;rijksoverheid
doping.nl;rijksoverheid
dopingwaaier.nl;rijksoverheid
douane-inzicht.nl;rijksoverheid
dp2021.deltaprogramma.nl;rijksoverheid
draaiboekhielprikscreening.rivm.nl;rijksoverheid
draaiboekpsie.nl;rijksoverheid
dranquilo.nl;rijksoverheid
drop.overheid.nl;rijksoverheid
drugssmokkel.nl;rijksoverheid
drupaloverheid.nl;rijksoverheid
dsta.nl;rijksoverheid
dto.nl;rijksoverheid
duo-jaarberichten.nl;rijksoverheid
duo.nl;rijksoverheid
duo-onderwijsonderzoek.nl;rijksoverheid
dus-i.nl;rijksoverheid
dustex.nl;rijksoverheid
dutchcultureusa.com;rijksoverheid
dutchdigitaldelta.nl;rijksoverheid
dutchdubai.com;rijksoverheid
dutchhousingpolicy.nl;rijksoverheid
dutch-id-documents.nl;rijksoverheid
dutchoffshorewindatlas.nl;rijksoverheid
dutchperformingarts.com;rijksoverheid
dutchrapporteur.nl;rijksoverheid
dutchsocialmediaguide.nl;rijksoverheid
duty-to-return.nl;rijksoverheid
duurzaamdoor.nl;rijksoverheid
duurzaamgww.nl;rijksoverheid
duurzaamheidsroutea35.nl;rijksoverheid
dv2030.nl;rijksoverheid
dwangindezorg.nl;rijksoverheid
dynamo-hia.eu;rijksoverheid
earonline.nl;rijksoverheid
eceonline.nl;rijksoverheid
ecer.minbuza.nl;rijksoverheid
e-cert.nl;rijksoverheid
eentegeneenzaamheid.nl;rijksoverheid
eenzaam.nl;rijksoverheid
eerlijkoverjeid.nl;rijksoverheid
eerstekamer.nl;rijksoverheid
efeat.org;rijksoverheid
eherkenning.nl;rijksoverheid
eigenkracht.nl;rijksoverheid
elearning.dopingautoriteit.nl;rijksoverheid
elo.oidji.nl;rijksoverheid
emissieautoriteit.nl;rijksoverheid
emissieregistratie.nl;rijksoverheid
emissionsauthority.nl;rijksoverheid
e-mjv.nl;rijksoverheid
emnmagazines.nl;rijksoverheid
emnnetherlands.nl;rijksoverheid
energiebesparingovl.nl;rijksoverheid
energiehout.com;rijksoverheid
energiekostenprognose.nl;rijksoverheid
energielabelvoorwoningen.nl;rijksoverheid
energieoprijksgrond.nl;rijksoverheid
energieslag.rvo.nl;rijksoverheid
english.aivd.nl;rijksoverheid
english.autoriteitnvs.nl;rijksoverheid
english.awti.nl;rijksoverheid
english.bigregister.nl;rijksoverheid
english.cannabisbureau.nl;rijksoverheid
english.cbgjaarverslag.nl;rijksoverheid
english.cbg-meb.nl;rijksoverheid
english.ccmo.nl;rijksoverheid
english.collegevanrijksadviseurs.nl;rijksoverheid
english.ctgb.nl;rijksoverheid
english.ctivd.nl;rijksoverheid
english.cultureelerfgoed.nl;rijksoverheid
english.defensie.nl;rijksoverheid
english.deltaprogramma.nl;rijksoverheid
english.dggf.nl;rijksoverheid
english.dienstterugkeerenvertrek.nl;rijksoverheid
english.domeinenrz.nl;rijksoverheid
english.donorregister.nl;rijksoverheid
english.dsta.nl;rijksoverheid
english.emnmagazines.nl;rijksoverheid
english.euthanasiecommissie.nl;rijksoverheid
english.farmatec.nl;rijksoverheid
english.igj.nl;rijksoverheid
english.ilent.nl;rijksoverheid
english.inspectie-oe.nl;rijksoverheid
english.iob-evaluatie.nl;rijksoverheid
english.kabinetvandekoning.nl;rijksoverheid
english.kiesraad.nl;rijksoverheid
english.kimnet.nl;rijksoverheid
english.knmidata.nl;rijksoverheid
english.magazinesrijkswaterstaat.nl;rijksoverheid
english.mh17magazine.nl;rijksoverheid
english.mijncn.nl;rijksoverheid
english.ncadierproevenbeleid.nl;rijksoverheid
english.ncsc.nl;rijksoverheid
english.nctv.nl;rijksoverheid
english.nrgd.nl;rijksoverheid
english.nvwa.nl;rijksoverheid
english.onderwijsinspectie.nl;rijksoverheid
english.postedworkers.nl;rijksoverheid
english.rda.nl;rijksoverheid
english.rekenkamer.nl;rijksoverheid
english.rijksdienstcn.com;rijksoverheid
english.rijksvastgoedbedrijf.nl;rijksoverheid
english.rvomagazines.nl;rijksoverheid
english.rvo.nl;rijksoverheid
english.scp.nl;rijksoverheid
english.sso3w.nl;rijksoverheid
english.uitvoeringvanbeleidszw.nl;rijksoverheid
english.wegwijzermensenhandel.nl;rijksoverheid
english.wodc.nl;rijksoverheid
english.wrr.nl;rijksoverheid
english.zorginstituutnederland.nl;rijksoverheid
ensia.nl;rijksoverheid
enterpriseeuropenetwork.nl;rijksoverheid
enwinfo.nl;rijksoverheid
ep-online.nl;rijksoverheid
eranetbioenergy.net;rijksoverheid
erelijst.nl;rijksoverheid
erfgoeddeal.nl;rijksoverheid
erfgoedenruimte.nl;rijksoverheid
erfgoedmodernetijd.nl;rijksoverheid
erfgoedmonitor.nl;rijksoverheid
e-rihs.nl;rijksoverheid
ertms-nl.nl;rijksoverheid
eu2004.nl;rijksoverheid
eumetcal.eu;rijksoverheid
eunadics.eu;rijksoverheid
eunethta.eu;rijksoverheid
eunieuws.tweedekamer.nl;rijksoverheid
euphix.org;rijksoverheid
euro4m.eu;rijksoverheid
eurofawc.com;rijksoverheid
europass.nl;rijksoverheid
europeanpartnership-responsibleminerals.eu;rijksoverheid
eurovignet.nl;rijksoverheid
eurovignettes.eu;rijksoverheid
euthanasiecommissie.nl;rijksoverheid
ewnederland.nl;rijksoverheid
examenbladmbo.nl;rijksoverheid
examenblad.nl;rijksoverheid
excellentescholen.nl;rijksoverheid
ex-made.dji.nl;rijksoverheid
expertisecentrumlyme.nl;rijksoverheid
expertisecentrummggz.nl;rijksoverheid
expertisecentrumwarmte.nl;rijksoverheid
extranet.nifp.nl;rijksoverheid
ezinesbr.nl;rijksoverheid
ezips.rivm.nl;rijksoverheid
ez.maps.arcgis.com;rijksoverheid
ezoefapp.nl;rijksoverheid
facturen.ubrijk.nl;rijksoverheid
faculteitmilitairewetenschappen.nl;rijksoverheid
fairproject.org;rijksoverheid
farmacotherapeutischkompas.nl;rijksoverheid
farmatec.nl;rijksoverheid
fcinet.org;rijksoverheid
federatieveservice.nl;rijksoverheid
festivalforensischezorg.nl;rijksoverheid
fileshare.rekenkamer.nl;rijksoverheid
filmfonds.nl;rijksoverheid
financieelfittewerknemers.nl;rijksoverheid
financiering.versnellingshuisce.nl;rijksoverheid
findo.nl;rijksoverheid
fiod.nl;rijksoverheid
fiscalemonitor.nl;rijksoverheid
fiu-nederland.nl;rijksoverheid
flexopdrachtenbzk.nl;rijksoverheid
flitspanel.nl;rijksoverheid
fmhaaglanden.nl;rijksoverheid
fmpbsn.nl;rijksoverheid
fondspodiumkunsten.nl;rijksoverheid
forensic-akademie.nl;rijksoverheid
forensicinstitute.nl;rijksoverheid
forensischezorg.nl;rijksoverheid
forensischinstituut.nl;rijksoverheid
formulierdus-i.nl;rijksoverheid
fortbijrijnauwen.staatsbosbeheer.nl;rijksoverheid
forumstandaardisatie.nl;rijksoverheid
forum.topinkomens.nl;rijksoverheid
francais.dggf.nl;rijksoverheid
frisse-scholen.nl;rijksoverheid
functiegebouwrijksoverheid.nl;rijksoverheid
functiemix.nl;rijksoverheid
functieruilrijk.nl;rijksoverheid
gatewaycommunity.nl;rijksoverheid
gatewayreview.nl;rijksoverheid
gds.dopingautoriteit.nl;rijksoverheid
gebiedagen2.waddenzee.nl;rijksoverheid
gebiedsagendawadden2050.nl;rijksoverheid
gebruikercentraal.nl;rijksoverheid
gedragstoets.nl;rijksoverheid
gegevensportaal.belastingdienst.nl;rijksoverheid
gegevensuitwisselingindezorg.nl;rijksoverheid
geldlessen.nl;rijksoverheid
geleacademie.nl;rijksoverheid
gelijke-kansen.nl;rijksoverheid
gemhofvanjustitie.org;rijksoverheid
geneesmiddeleninformatiebank.nl;rijksoverheid
geobasisregistraties.nl;rijksoverheid
geodata.basisinformatie-overstromingen.nl;rijksoverheid
geoforum.nl;rijksoverheid
geosamen.nl;rijksoverheid
geotool.watermarkt.nl;rijksoverheid
geozet.koop.overheid.nl;rijksoverheid
gerechtelijkebrief.nl;rijksoverheid
ges2019.org;rijksoverheid
geschiedenis.reclassering.nl;rijksoverheid
geschilleninstantieszorg.nl;rijksoverheid
getij.rws.nl;rijksoverheid
gezondekinderopvang.nl;rijksoverheid
gezondeleefomgeving.nl;rijksoverheid
gezondeschool.nl;rijksoverheid
gezondheidsraad.nl;rijksoverheid
ggo-vergunningverlening.nl;rijksoverheid
ggo-vergunningverlening-zoeken.nl;rijksoverheid
gipdatabank.nl;rijksoverheid
gipinfo.nl;rijksoverheid
globemission.eu;rijksoverheid
globio.info;rijksoverheid
gobiernodireino.nl;rijksoverheid
gobiernudireino.nl;rijksoverheid
gorrijk.nl;rijksoverheid
gov4nano.eu;rijksoverheid
government.nl;rijksoverheid
gratisvog.nl;rijksoverheid
greendeals.nl;rijksoverheid
grensinfo.nl;rijksoverheid
grenzeloosienm.nl;rijksoverheid
grenzeloosienw.nl;rijksoverheid
grknmi.nl;rijksoverheid
groei.versnellingshuisce.nl;rijksoverheid
groenalliantiemiddenholland.nl;rijksoverheid
grondstoffenscanner.nl;rijksoverheid
grondweteu.nl;rijksoverheid
guaranteeforum.eu;rijksoverheid
haaglandenveilig.nl;rijksoverheid
halt.nl;rijksoverheid
handelingenbank.info;rijksoverheid
healthcouncil.nl;rijksoverheid
helpdeskbodem.nl;rijksoverheid
helpdeskbouwregels.nl;rijksoverheid
helpdesk-efactureren.nl;rijksoverheid
helpdeskwater.nl;rijksoverheid
hepatitis-and-u.nl;rijksoverheid
hepatitisonderzoek.nl;rijksoverheid
heyhetisoke.nl;rijksoverheid
higherlevel.nl;rijksoverheid
hiswa.nl;rijksoverheid
hoepakjijdataan.nl;rijksoverheid
hoewerktnederland.nl;rijksoverheid
hogeraad.nl;rijksoverheid
hogeraadvanadel.nl;rijksoverheid
holanda.es;rijksoverheid
holandaevoce.nl;rijksoverheid
holandanomundo.nl;rijksoverheid
holandawaanta.nl;rijksoverheid
hollandavesen.nl;rijksoverheid
hollandnationalparks.com;rijksoverheid
hollands-hout.com;rijksoverheid
horizonscangeneesmiddelen.nl;rijksoverheid
houseofrepresentatives.nl;rijksoverheid
huiselijkgeweld.nl;rijksoverheid
huisstijl.belastingdienst.nl;rijksoverheid
huisvoorklokkenluiders.nl;rijksoverheid
hulpbijprivacy.nl;rijksoverheid
huurcommissie.nl;rijksoverheid
hwbp.nl;rijksoverheid
iamcdocumentation.eu;rijksoverheid
ibestuurcongres.nl;rijksoverheid
ibki.nl;rijksoverheid
icic2020.nl;rijksoverheid
icov.nl;rijksoverheid
ictu.nl;rijksoverheid
ideasfrom.eu;rijksoverheid
idensys.nl;rijksoverheid
identiteitsdocumenten.nl;rijksoverheid
ie2020.nl;rijksoverheid
ie2021.nl;rijksoverheid
ie20.nl;rijksoverheid
iedereendoetwat.nl;rijksoverheid
iedereenondereendak.nl;rijksoverheid
ienc-kennisportaal.nl;rijksoverheid
ifv.nl;rijksoverheid
igj.nl;rijksoverheid
ikbenhandelaar.nl;rijksoverheid
ikdoemee.nl;rijksoverheid
ikpasophetwad.nl;rijksoverheid
ikvermoedhuiselijkgeweld.nl;rijksoverheid
ikz.nl;rijksoverheid
ilent.nl;rijksoverheid
ilovemyears.nl;rijksoverheid
immissietoets.nl;rijksoverheid
impactzuid.nl;rijksoverheid
implementatiecoachdi.nl;rijksoverheid
inburgeren.nl;rijksoverheid
incca.org;rijksoverheid
incidentmanagement.nl;rijksoverheid
indjaarverslag.nl;rijksoverheid
ind.nl;rijksoverheid
infomil.nl;rijksoverheid
informatieberaadzorg.nl;rijksoverheid
informatiehuishouding.nl;rijksoverheid
informatiehuismarien.nl;rijksoverheid
informatielangdurigezorg.nl;rijksoverheid
informatiepuntdigitaleoverheid.nl;rijksoverheid
informatiepuntkinderopvangtoeslag.rijksoverheid.nl;rijksoverheid
informatieservice.nederlandwereldwijd.nl;rijksoverheid
info.studielink.nl;rijksoverheid
infoterugkeer.nl;rijksoverheid
infra-web.nl;rijksoverheid
inhuurdeskpolitie.nl;rijksoverheid
inkoopsociaaldomein.nl;rijksoverheid
in-made.dji.nl;rijksoverheid
in-made.nl;rijksoverheid
innova58.nl;rijksoverheid
innovatieagroennatuur.nl;rijksoverheid
innovatiecongresjenv.nl;rijksoverheid
innovatie-estafette.nl;rijksoverheid
innovatieexpo2020.nl;rijksoverheid
innovatieexpo2021.nl;rijksoverheid
innovatietoezicht.nl;rijksoverheid
innoveermeemetjenv.nl;rijksoverheid
innovember.nl;rijksoverheid
inspectie-checklist.nl;rijksoverheid
inspectiechecklist.nl;rijksoverheid
inspectie-jenv.nl;rijksoverheid
inspectie-oe.nl;rijksoverheid
inspectie-publicaties.nl;rijksoverheid
inspectieresultatenszw.nl;rijksoverheid
inspectieszw.nl;rijksoverheid
inspectiewerkt.nl;rijksoverheid
inspectorateszw.nl;rijksoverheid
inspireaanmerking.nl;rijksoverheid
instellingsinformatie.duo.nl;rijksoverheid
integraalveilig-ho.nl;rijksoverheid
intermediairdagen.belastingdienst.nl;rijksoverheid
internationaalondernemen.nl;rijksoverheid
internationalstudy.nl;rijksoverheid
internetconsultatie.nl;rijksoverheid
internetspiegel.nl;rijksoverheid
interspeciesinfo.com;rijksoverheid
investingindutchhousing.nl;rijksoverheid
iob-evaluatie.nl;rijksoverheid
ipkd.eu;rijksoverheid
irongallink.org;rijksoverheid
isd.acc.owinsp.nl;rijksoverheid
ishetafval.nl;rijksoverheid
isis-web.nl;rijksoverheid
istandaarden.nl;rijksoverheid
it-academieoverheid.nl;rijksoverheid
itscorridor.mett.nl;rijksoverheid
itsoverzicht.connectingmobility.nl;rijksoverheid
ivcm.nl;rijksoverheid
ivd.nl;rijksoverheid
ivho.docebosaas.com;rijksoverheid
jaarberichtrijkswaterstaat.nl;rijksoverheid
jaarverantwoordingzorg.nl;rijksoverheid
jaarverslag.dopingautoriteit.nl;rijksoverheid
jaarverslagrechtspraak.nl;rijksoverheid
jenvconnect.nl;rijksoverheid
jetelefoondebaas.nl;rijksoverheid
jeugdautoriteit.nl;rijksoverheid
jeugdconnect.nl;rijksoverheid
jeugdmonitor.cbs.nl;rijksoverheid
jezelfmooiermaken.nl;rijksoverheid
job.ubrijk.nl;rijksoverheid
jokesmitprijs.nl;rijksoverheid
jongerenteam.nl;rijksoverheid
jonglereneten.nl;rijksoverheid
justid.nl;rijksoverheid
justis.nl;rijksoverheid
justitieconnect.nl;rijksoverheid
justitieleictorganisatie.nl;rijksoverheid
justitieleinterventies.nl;rijksoverheid
kaart.pdok.nl;rijksoverheid
kabga.aw;rijksoverheid
kabinetsformatie2017.nl;rijksoverheid
kabinetvandekoning.nl;rijksoverheid
kadaster.com;rijksoverheid
kadaster.nl;rijksoverheid
kamerindeklas.nl;rijksoverheid
kamervoordebinnenvisserij.nl;rijksoverheid
kansrijkestartnl.nl;rijksoverheid
kansspelautoriteit.nl;rijksoverheid
kasteelgroeneveld.nl;rijksoverheid
kb.nl;rijksoverheid
kbvg.nl;rijksoverheid
kcb.nl;rijksoverheid
kcwj.nl;rijksoverheid
kcwjz.nl;rijksoverheid
kemprogramma.nl;rijksoverheid
kennisbank.logius.nl;rijksoverheid
kennis.cultureelerfgoed.nl;rijksoverheid
kennisknooppuntparticipatie.nl;rijksoverheid
kennis.markermeerijmeer.nl;rijksoverheid
kennismarkerwadden.nl;rijksoverheid
kennisnetbiobased.nl;rijksoverheid
kennisnetwerkbiociden.nl;rijksoverheid
kennisnetwerkspv.nl;rijksoverheid
kennisopenbaarbestuur.nl;rijksoverheid
kennisplatform.nl;rijksoverheid
kennisplatformondermijning.nl;rijksoverheid
kennisplatformveehouderij.nl;rijksoverheid
kennisplatformvhg.nl;rijksoverheid
kennisplatformwerkeninkomen.nl;rijksoverheid
keurmerk.nl;rijksoverheid
kiesbeter.nl;rijksoverheid
kiesdefiets.nl;rijksoverheid
kiesraad.nl;rijksoverheid
kiezen-en-delen.nl;rijksoverheid
kijkenoverdegrens.nl;rijksoverheid
kik-v.nl;rijksoverheid
kimnet.nl;rijksoverheid
kinderbescherming.nl;rijksoverheid
klimaatakkoord.nl;rijksoverheid
klimaatatlas.nl;rijksoverheid
klimaatmonitor.databank.nl;rijksoverheid
klimaatscenarios.nl;rijksoverheid
knaw.nl;rijksoverheid
knmi2.nl;rijksoverheid
knmidata.nl;rijksoverheid
knmidc.org;rijksoverheid
knmi.nl;rijksoverheid
knmiprojects.nl;rijksoverheid
knooppunt-hoevelaken.nl;rijksoverheid
koenigshaus.nl;rijksoverheid
kombijdepolitie.nl;rijksoverheid
komuitjeschuld.nl;rijksoverheid
komveiligthuis.nl;rijksoverheid
koninklijkhuis.nl;rijksoverheid
koopoverheid.nl;rijksoverheid
korpsnationalereserve.nl;rijksoverheid
kosteneffectiviteitvanpreventie.nl;rijksoverheid
krijgiktozo.nl;rijksoverheid
krmportaal.nl;rijksoverheid
krmrapportagetool.nl;rijksoverheid
ktv-servicedesk.ciz.nl;rijksoverheid
kustwacht.nl;rijksoverheid
kvk.nl;rijksoverheid
lancewadplan.nl;rijksoverheid
landelijkeadviescommissieplaatsing.nl;rijksoverheid
landelijkmeldpuntzorg.nl;rijksoverheid
landelijkregisterkinderopvang.nl;rijksoverheid
landschapinnederland.nl;rijksoverheid
lap3.nl;rijksoverheid
lavsinfo.nl;rijksoverheid
lbio.nl;rijksoverheid
lci.rivm.nl;rijksoverheid
lckva.nl;rijksoverheid
leefbaarometer.nl;rijksoverheid
leeromgeving.leerportaalienw.nl;rijksoverheid
leerplatformmirt.nl;rijksoverheid
leerportaalienw.nl;rijksoverheid
leer-rijk.nl;rijksoverheid
lees-rijk.nl;rijksoverheid
lemmer-delfzijl.nl;rijksoverheid
leraar.nl;rijksoverheid
lerarenportfolio.nl;rijksoverheid
lerenenwerken.nl;rijksoverheid
leren.nza.nl;rijksoverheid
letterenfonds.nl;rijksoverheid
leveranciersportaal-rijksoverheid.nl;rijksoverheid
life-ip-deltanatuur.nl;rijksoverheid
lijstvangevallenen.nl;rijksoverheid
linkeddata.overheid.nl;rijksoverheid
lintjes.nl;rijksoverheid
live.dutchwebinar.com;rijksoverheid
lma.nl;rijksoverheid
locatieregister.dwangindezorg.nl;rijksoverheid
locatievalkenburg.nl;rijksoverheid
locov.nl;rijksoverheid
loc.ubrijk.nl;rijksoverheid
logerenbijdeboswachter.nl;rijksoverheid
logius.nl;rijksoverheid
logius.online-magazine.nl;rijksoverheid
lokaalklimaatportaal.nl;rijksoverheid
lokale-democratie.nl;rijksoverheid
loket.anvs.nl;rijksoverheid
loketenergierws.nl;rijksoverheid
loketgentherapie.nl;rijksoverheid
loketgezondleven.nl;rijksoverheid
loonaangifteketen.nl;rijksoverheid
ltauptake.eu;rijksoverheid
ltfo.nl;rijksoverheid
luchtvaartgesprek.nl;rijksoverheid
luchtvaartindetoekomst.nl;rijksoverheid
luchtvaartmeteo.nl;rijksoverheid
lvnl.nl;rijksoverheid
lzalp.nl;rijksoverheid
maakhetzeniettemakkelijk.nl;rijksoverheid
maatwerkvoormensen.nl;rijksoverheid
machtigen.digid.nl;rijksoverheid
magazine.forumstandaardisatie.nl;rijksoverheid
magazines.aandeslagmetdeomgevingswet.nl;rijksoverheid
magazines.agentschaptelecom.nl;rijksoverheid
magazines.algemenebestuursdienst.nl;rijksoverheid
magazines.algemenerekenkamer.nl;rijksoverheid
magazines.arboportaal.nl;rijksoverheid
magazines.autoriteitnvs.nl;rijksoverheid
magazines.collegevanrijksadviseurs.nl;rijksoverheid
magazines.defensie.nl;rijksoverheid
magazines.deltaprogramma.nl;rijksoverheid
magazines.dji.nl;rijksoverheid
magazines.emissieautoriteit.nl;rijksoverheid
magazines.erfgoedinspectie.nl;rijksoverheid
magazines.forensischinstituut.nl;rijksoverheid
magazines.government.nl;rijksoverheid
magazines.igj.nl;rijksoverheid
magazines.ilent.nl;rijksoverheid
magazines.informatiehuishouding.nl;rijksoverheid
magazines.inspectie-jenv.nl;rijksoverheid
magazines.inspectie-oe.nl;rijksoverheid
magazines.kinderbescherming.nl;rijksoverheid
magazines.logius.nl;rijksoverheid
magazines.ncsc.nl;rijksoverheid
magazines.nvwa.nl;rijksoverheid
magazines.nza.nl;rijksoverheid
magazines.onderwijsinspectie.nl;rijksoverheid
magazines.openbaarministerie.nl;rijksoverheid
magazines.p-direkt.nl;rijksoverheid
magazines.platformjep.nl;rijksoverheid
magazines.platformrijksoverheiddemo.nl;rijksoverheid
magazines.riec.nl;rijksoverheid
magazines.rijksinspecties.nl;rijksoverheid
magazines.rijksoverheid.nl;rijksoverheid
magazines.rijksvastgoedbedrijf.nl;rijksoverheid
magazinesrijkswaterstaat.nl;rijksoverheid
magazines.rvig.nl;rijksoverheid
magazines.socialestabiliteit.nl;rijksoverheid
magazines.sodm.nl;rijksoverheid
magazines.sso3w.nl;rijksoverheid
magazines.toezichtsociaaldomein.nl;rijksoverheid
magazines.tuchtcollege-gezondheidszorg.nl;rijksoverheid
magazines.ubrijk.nl;rijksoverheid
magazines.wodc.nl;rijksoverheid
magazines.zorgpact.nl;rijksoverheid
maison-royale.nl;rijksoverheid
makingwavesnl.nl;rijksoverheid
manifestgroep.pleio.nl;rijksoverheid
maraz.nl;rijksoverheid
marcopolo-panda.eu;rijksoverheid
maritiemehavenenbinnenhavenmonitor.nl;rijksoverheid
maror.nl;rijksoverheid
mass.cultureelerfgoed.nl;rijksoverheid
materiaal.ikvalop.nl;rijksoverheid
materialen.nix18.nl;rijksoverheid
mccg.nl;rijksoverheid
mediatheekrijksoverheid.nl;rijksoverheid
medicijnkosten.nl;rijksoverheid
medicineshortagesdefects.nl;rijksoverheid
meerenbeterrecyclen.nl;rijksoverheid
meermetminderplastic.nl;rijksoverheid
meldennieuwezorgaanbieders.nl;rijksoverheid
meldingsformulier.nza.nl;rijksoverheid
meldknop.nl;rijksoverheid
meldloket.postedworkers.nl;rijksoverheid
meldplichttelecomwet.nl;rijksoverheid
meldpuntbodemkwaliteit.nl;rijksoverheid
meldpuntgeneesmiddelentekortendefecten.nl;rijksoverheid
meldpunttelecomwet.nl;rijksoverheid
meldpuntzorgwekkendgedrag.nl;rijksoverheid
mensenrechten.nl;rijksoverheid
menukaart.kansrijkestartnl.nl;rijksoverheid
metenvanduurzaamheid.nl;rijksoverheid
mh17magazine.nl;rijksoverheid
mi-cert.nl;rijksoverheid
microfoonbanden.nl;rijksoverheid
mijn.belastingdienst-cn.nl;rijksoverheid
mijn.bigregister.nl;rijksoverheid
mijnbouwvergunningen.nl;rijksoverheid
mijn.bron.nl;rijksoverheid
mijncn.nl;rijksoverheid
mijncoronaprotocol.nl;rijksoverheid
mijndiplomas.nl;rijksoverheid
mijn.donorregister.nl;rijksoverheid
mijneindexamen.nl;rijksoverheid
mijn.igj.nl;rijksoverheid
mijnnfi.nl;rijksoverheid
mijn.nza.nl;rijksoverheid
mijnoctrooi.rvo.nl;rijksoverheid
mijnontwikkelhuis.nl;rijksoverheid
mijn.overheid.nl;rijksoverheid
mijnpgb.nl;rijksoverheid
mijn.rvo.nl;rijksoverheid
mijnslachtofferzaak.nl;rijksoverheid
mijnverblijfsdocument.nl;rijksoverheid
milieuzones.nl;rijksoverheid
millingerwaard.staatsbosbeheer.nl;rijksoverheid
minez.nederlandsesoorten.nl;rijksoverheid
minvws.pr.co;rijksoverheid
mirt2010.mirtprojectenboek.nl;rijksoverheid
mirt2016.mirtoverzicht.nl;rijksoverheid
mirta15papendrechtgorinchem.nl;rijksoverheid
mirta20nieuwerkerkgouda.nl;rijksoverheid
mirta2deilvught.nl;rijksoverheid
mirta67leenderheidezaarderheiken.nl;rijksoverheid
mirtnowa.nl;rijksoverheid
mirtoostkantamsterdam.nl;rijksoverheid
mirtoverzicht.nl;rijksoverheid
mirtverkenninga1-a30.nl;rijksoverheid
missionsustainable.nl;rijksoverheid
mjpo.nl;rijksoverheid
mkdoorn.nl;rijksoverheid
mlzopendata.cbs.nl;rijksoverheid
mnd.overheid.nl;rijksoverheid
mobiliteitsscan-info.nl;rijksoverheid
mobilitylab.nl;rijksoverheid
mondriaanfonds.nl;rijksoverheid
monitorgezondheid.nl;rijksoverheid
monitorlangdurigezorg.nl;rijksoverheid
monitor-nederlanddigitaal.nl;rijksoverheid
monozakelijk.nl;rijksoverheid
monroeproject.eu;rijksoverheid
monumenten.nl;rijksoverheid
move-rdh.nl;rijksoverheid
multifunctionelelandbouw.net;rijksoverheid
mvicongres.nl;rijksoverheid
mvicriteria.nl;rijksoverheid
mvizet.nl;rijksoverheid
mycoa.nl;rijksoverheid
n35wijthmennijverdal.nl;rijksoverheid
n3werkzaamheden.nl;rijksoverheid
naarhetiak.nl;rijksoverheid
naarnederland.nl;rijksoverheid
nak.nl;rijksoverheid
naktuinbouw.com;rijksoverheid
naktuinbouw.nl;rijksoverheid
nas-adaptatietool.nl;rijksoverheid
nationaalarchief.nl;rijksoverheid
nationaalcoordinatorgroningen.nl;rijksoverheid
nationaalgeoregister.nl;rijksoverheid
nationaalovberaad.nl;rijksoverheid
nationaalrapporteur.nl;rijksoverheid
nationaleenergieatlas.nl;rijksoverheid
nationaleiconen.nl;rijksoverheid
nationaleklimaatweken.nl;rijksoverheid
nationaleombudsman.nl;rijksoverheid
nationaleparkenbureau.nl;rijksoverheid
nationalicons.nl;rijksoverheid
natura2000.nl;rijksoverheid
natura2000waddengebied.nl;rijksoverheid
natuurenrecreatieschapijsselmonde.nl;rijksoverheid
natuurkaravaan.pleio.nl;rijksoverheid
natuurlijkveilig.nl;rijksoverheid
ncadierproevenbeleid.nl;rijksoverheid
nctv.nl;rijksoverheid
ndw.nu;rijksoverheid
nederlanddigitaal.nl;rijksoverheid
nederlandenu.nl;rijksoverheid
nederlandgezondenwel.nl;rijksoverheid
nederlandsesoorten.nl;rijksoverheid
nederlandse-sportraad.nl;rijksoverheid
nederlandwereldwijd.nl;rijksoverheid
neorah.nl;rijksoverheid
netherlandsandyou.nl;rijksoverheid
netherlandsworldwide.nl;rijksoverheid
nettrofee.nl;rijksoverheid
netwerkplatteland.nl;rijksoverheid
netwerk.publiektoezicht.nl;rijksoverheid
nevenbetrekkingen.om.nl;rijksoverheid
nevo-online.rivm.nl;rijksoverheid
newsroom.minienw.nl;rijksoverheid
nictiz.nl;rijksoverheid
niderlandy-i-vy.nl;rijksoverheid
nidos.nl;rijksoverheid
niederlandeweltweit.nl;rijksoverheid
nieuwsbriefdor.nl;rijksoverheid
nieuwsbrievenminocw.nl;rijksoverheid
nieuwsbrieven.rijkswaterstaat.nl;rijksoverheid
nieuwsbzk.nl;rijksoverheid
nieuwsenkennisportaalbzk.nl;rijksoverheid
nieuwsienw.nl;rijksoverheid
nieuwsszw.nl;rijksoverheid
nifp.nl;rijksoverheid
nimh-beeldbank.defensie.nl;rijksoverheid
nis.rijkswaterstaat.nl;rijksoverheid
niwo.nl;rijksoverheid
nix18.nl;rijksoverheid
niyuhelan.nl;rijksoverheid
nji.nl;rijksoverheid
nlbranding.nl;rijksoverheid
nlconsulate.com;rijksoverheid
nldigitalgovernment.nl;rijksoverheid
nl.espacenet.com;rijksoverheid
nlexporteert.nl;rijksoverheid
nlflag.nl;rijksoverheid
nlintheusa.com;rijksoverheid
nlmaps.nl;rijksoverheid
nlog.nl;rijksoverheid
nlontwikkelingssamenwerking.nl;rijksoverheid
nlplatform.com;rijksoverheid
nltaxonomie.nl;rijksoverheid
nlvalidatie.nl;rijksoverheid
nl-works.nl;rijksoverheid
nmbf.nl;rijksoverheid
nmdc.eu;rijksoverheid
noordzeeloket.nl;rijksoverheid
noraonline.nl;rijksoverheid
northseaportal.eu;rijksoverheid
novistukken.nl;rijksoverheid
npostart.nl;rijksoverheid
nrgd.nl;rijksoverheid
nsgi.nl;rijksoverheid
nsl-monitoring.nl;rijksoverheid
nuclearforensics.eu;rijksoverheid
nunietzwanger.nl;rijksoverheid
nvao.net;rijksoverheid
nvao.nl;rijksoverheid
nvwa.nl;rijksoverheid
nwo-i.nl;rijksoverheid
nwo.nl;rijksoverheid
nza.nl;rijksoverheid
nzvt.nl;rijksoverheid
ocw.cultuursubsidie.nl;rijksoverheid
ocwincijfers.nl;rijksoverheid
ocwnieuws.nl;rijksoverheid
odb.belastingdienst.nl;rijksoverheid
odc-noord.nl;rijksoverheid
oecdguidelines.nl;rijksoverheid
oesorichtlijnen.nl;rijksoverheid
officielebekendmakingen.nl;rijksoverheid
oicrf.org;rijksoverheid
oidji.nl;rijksoverheid
omgevingsloket.nl;rijksoverheid
omgevingsveiligheid.rivm.nl;rijksoverheid
omgevingswijzer.org;rijksoverheid
om.nl;rijksoverheid
on2013.nl;rijksoverheid
onbedoeldzwanger.info;rijksoverheid
ondernemersplein.kvk.nl;rijksoverheid
onderwijsincijfers.nl;rijksoverheid
onderwijsinderegioincijfers.nl;rijksoverheid
onderwijsinspectie.nl;rijksoverheid
onderwijsraad.nl;rijksoverheid
onderzoeksraad.nl;rijksoverheid
onderzoekswijs.nl;rijksoverheid
onderzoekvanmijnongeborenkind.nl;rijksoverheid
onehealth.nl;rijksoverheid
onlineform.culture.gov.nl;rijksoverheid
ons.communicatierijk.nl;rijksoverheid
onstoezicht.igj.nl;rijksoverheid
onswater.nl;rijksoverheid
ontdekderuimte.leraar.nl;rijksoverheid
ontdekdezorg.nl;rijksoverheid
ontdeknederland.nl;rijksoverheid
ontsnippering.nl;rijksoverheid
ontwerpenaanklimaatenwater.nl;rijksoverheid
opdrachtgeversforum.nl;rijksoverheid
opendata-award.nl;rijksoverheid
opendata.tweedekamer.nl;rijksoverheid
opendisdata.nl;rijksoverheid
open-overheid.nl;rijksoverheid
operatiebrp.nl;rijksoverheid
opnieuwthuis.nl;rijksoverheid
oproepingen.overheid.nl;rijksoverheid
opwegmetwaterstof.nl;rijksoverheid
orandatowatashi.nl;rijksoverheid
ordz.nl;rijksoverheid
orfeus-eu.org;rijksoverheid
osresultaten.nl;rijksoverheid
oteam.nl;rijksoverheid
otl.rws.nl;rijksoverheid
ouders-uit-elkaar.nl;rijksoverheid
outilevaluationbiosecurite.nl;rijksoverheid
overalsnelinternet.nl;rijksoverheid
overheid.nl;rijksoverheid
overheidvandetoekomst.nl;rijksoverheid
overheidvannu.nl;rijksoverheid
overlegorgaanfysiekeleefomgeving.nl;rijksoverheid
over-ons.belastingdienst.nl;rijksoverheid
overstroomik.nl;rijksoverheid
overuwbuurt.overheid.nl;rijksoverheid
paisesbajosmundial.nl;rijksoverheid
paisesbajosytu.nl;rijksoverheid
papiamentu.mijncn.nl;rijksoverheid
papiamentu.rijksdienstcn.com;rijksoverheid
parismou.org;rijksoverheid
parlement.nl;rijksoverheid
participatiefonds.nl;rijksoverheid
partnerportaalienw.nl;rijksoverheid
passionado.nl;rijksoverheid
pathways-project.nl;rijksoverheid
patientendialoog.plusvws.nl;rijksoverheid
paysbasetvous.nl;rijksoverheid
paysbasmondial.nl;rijksoverheid
pbl.nl;rijksoverheid
pbotalent.rijksbeveiliging.nl;rijksoverheid
pbt-netwerk.nl;rijksoverheid
p-direkt.nl;rijksoverheid
pdok.nl;rijksoverheid
pdokviewer.pdok.nl;rijksoverheid
perined.nl;rijksoverheid
permanentevertegenwoordigingen.nl;rijksoverheid
permanentrepresentations.nl;rijksoverheid
persberichten.rijksoverheid.nl;rijksoverheid
pgainterventietool.nl;rijksoverheid
pgw.belastingdienst.nl;rijksoverheid
pianoo-congres.nl;rijksoverheid
pianoo.nl;rijksoverheid
pih.belastingdienst.nl;rijksoverheid
pilotnudging.nl;rijksoverheid
placesofhope.nl;rijksoverheid
planmonitorwonen.nl;rijksoverheid
plastic-en.tool.cultureelerfgoed.nl;rijksoverheid
plastic.tool.cultureelerfgoed.nl;rijksoverheid
plasticvrijewadden.waddenzee.nl;rijksoverheid
platformafvalcirculair.nl;rijksoverheid
platformduurzaamovenspoor.nl;rijksoverheid
platformduurzamehuisvesting.nl;rijksoverheid
platform.informatieberaadzorg.nl;rijksoverheid
platformjep.nl;rijksoverheid
platformkringlooplandbouw.nl;rijksoverheid
platformparticipatie.nl;rijksoverheid
platformrijksoverheiddemo.nl;rijksoverheid
platformwow.nl;rijksoverheid
pleinbzk.nl;rijksoverheid
pleio.nl;rijksoverheid
plusvws.nl;rijksoverheid
pmkapp.nl;rijksoverheid
pns.nl;rijksoverheid
politieacademie.nl;rijksoverheid
politieenwetenschap.nl;rijksoverheid
politiekeambtsdragers.nl;rijksoverheid
politie.nl;rijksoverheid
politieorkest.nl;rijksoverheid
politieplanner.nl;rijksoverheid
politiesport.nl;rijksoverheid
poraad.nl;rijksoverheid
portaal.belastingdienst.nl;rijksoverheid
portaal.digimelding.nl;rijksoverheid
postedworkers.nl;rijksoverheid
postergenerator.ontdekdezorg.nl;rijksoverheid
poster.verderkijkers.nl;rijksoverheid
povmacrostabiliteit.nl;rijksoverheid
povm.nl;rijksoverheid
pov-piping.nl;rijksoverheid
praatmee.nza.nl;rijksoverheid
pre.omgevingswet.overheid.nl;rijksoverheid
prettigcontactmetdeoverheid.nl;rijksoverheid
prinsjesdagtool.nl;rijksoverheid
processinnovation.nl;rijksoverheid
prodemos.nl;rijksoverheid
producten.lees-rijk.nl;rijksoverheid
professional.basisinformatie-overstromingen.nl;rijksoverheid
prognosemodelzw.nl;rijksoverheid
programmalangerthuis.nl;rijksoverheid
programmamenscentraal.nl;rijksoverheid
programmasociaaldomein.nl;rijksoverheid
projects.knmi.nl;rijksoverheid
prosecutionservice.nl;rijksoverheid
psosamenwerken.wordpress.com;rijksoverheid
pt.rsonac.org;rijksoverheid
publicatie.centrumvoorstandaarden.nl;rijksoverheid
publicaties.cibg.nl;rijksoverheid
publicaties.rvig.nl;rijksoverheid
puc.overheid.nl;rijksoverheid
pulsefishing.eu;rijksoverheid
puntenstelsel.nl;rijksoverheid
puurrookvrij.nl;rijksoverheid
pzp.nl;rijksoverheid
qa4ecv.eu;rijksoverheid
q-bankplants.eu;rijksoverheid
quicktelecomscan.nl;rijksoverheid
raadopenbaarbestuur.nl;rijksoverheid
raadrvs.nl;rijksoverheid
raadvanstate.nl;rijksoverheid
raadvoorcultuur.nl;rijksoverheid
raadvoorhetoverheidspersoneelsbeleid.nl;rijksoverheid
raadvoorplantenrassen.nl;rijksoverheid
rabarijk.nl;rijksoverheid
randstad380kv-noordring.nl;rijksoverheid
randstad380kv-zuidring.nl;rijksoverheid
rapportage.bkwi.nl;rijksoverheid
rattenmonitor.nl;rijksoverheid
rbv.minfin.nl;rijksoverheid
rce-test.monumenten.nl;rijksoverheid
rda.nl;rijksoverheid
rdw.nl;rijksoverheid
rechtenoverheid.nl;rijksoverheid
rechtsbijstand.nl;rijksoverheid
rechtspraak.nl;rijksoverheid
rechtvoorjou.nl;rijksoverheid
rechtwijzer.nl;rijksoverheid
reclassering.nl;rijksoverheid
recreatieschaprottemeren.nl;rijksoverheid
recreatieschapvoorneputten.nl;rijksoverheid
referentiegrootboekschema.nl;rijksoverheid
regiebureau-pop.eu;rijksoverheid
regioatlas.nl;rijksoverheid
regiobeeld.nl;rijksoverheid
regioburgemeesters.nl;rijksoverheid
regulatoryscience.nl;rijksoverheid
reizentijdenscorona.nl;rijksoverheid
reizentijdenscorona.rijksoverheid.nl;rijksoverheid
rekenhulptransitievergoeding.nl;rijksoverheid
rekenkamer.nl;rijksoverheid
rekentool.topinkomens.nl;rijksoverheid
rgd-inspecties.nl;rijksoverheid
riecis.nl;rijksoverheid
riec.nl;rijksoverheid
rijbewijs.nl;rijksoverheid
rijkewaddenzee.nl;rijksoverheid
rijksacademie.nl;rijksoverheid
rijksafspraakplanner.nl;rijksoverheid
rijksbegroting.nl;rijksoverheid
rijksbrededienstverleners.nl;rijksoverheid
rijksdienstcn.com;rijksoverheid
rijksfinancien.nl;rijksoverheid
rijkshuisstijl.nl;rijksoverheid
rijksictdashboard.nl;rijksoverheid
rijksinnovatiecommunity.nl;rijksoverheid
rijksinspecties.nl;rijksoverheid
rijksnormering.nl;rijksoverheid
rijksoverheid.bouwbesluit.com;rijksoverheid
rijksoverheid.nl;rijksoverheid
rijksoverheidsevents.nl;rijksoverheid
rijksrecherche.nl;rijksoverheid
rijksschoonmaak.nl;rijksoverheid
rijksservices.nl;rijksoverheid
rijkstalentencentrum.nl;rijksoverheid
rijksvaccinatieprogramma.nl;rijksoverheid
rijksvastgoedbedrijf.nl;rijksoverheid
rijkswaterstaatdata.nl;rijksoverheid
rijkswaterstaat.nl;rijksoverheid
rijkswaterstaatstrooit.nl;rijksoverheid
rijkswaterstaatverkeersinformatie.nl;rijksoverheid
rijkszaak.nl;rijksoverheid
rinis.nl;rijksoverheid
risicokaart.nl;rijksoverheid
risicotoolboxbodem.nl;rijksoverheid
rivm.nl;rijksoverheid
rli.nl;rijksoverheid
rorportaal.nl;rijksoverheid
row-minvws.nl;rijksoverheid
royal-house.nl;rijksoverheid
rsj.nl;rijksoverheid
rsonac.org;rijksoverheid
ruimtelijkeadaptatie.nl;rijksoverheid
ruimtelijkeplannen.nl;rijksoverheid
rva.nl;rijksoverheid
rvbmarktmiddag.nl;rijksoverheid
rvdkraadsnet.nl;rijksoverheid
rvig.nl;rijksoverheid
rvomagazines.nl;rijksoverheid
rvo.nl;rijksoverheid
rvr.org;rijksoverheid
rvs.rivm.nl;rijksoverheid
rwscirculair.nl;rijksoverheid
rwscregelaar.nl;rijksoverheid
rwsduurzamemobiliteit.nl;rijksoverheid
rwseconomie.nl;rijksoverheid
rwsenvironment.eu;rijksoverheid
rwsinnoveert.nl;rijksoverheid
rwsleefomgeving.nl;rijksoverheid
rwsnatura2000.nl;rijksoverheid
rws-oostnederland.verkeersgegevens.nl;rijksoverheid
rwssportdag.nl;rijksoverheid
rwsupdate.nl;rijksoverheid
rwsverkeersinfo.nl;rijksoverheid
saip.nl;rijksoverheid
samenmetenaanluchtkwaliteit.nl;rijksoverheid
samensnelinternet.nl;rijksoverheid
samentegeneenzaamheid.nl;rijksoverheid
samenwerkenaanontwerpkracht.nl;rijksoverheid
samenwerkenaanriviernatuur.nl;rijksoverheid
samenwerken.zorginstituutnederland.nl;rijksoverheid
sanctieuitvoering.nl;rijksoverheid
sawa-vth.nl;rijksoverheid
s-bb.nl;rijksoverheid
sbr-nl.nl;rijksoverheid
sbr-wonen.nl;rijksoverheid
sbv-z.nl;rijksoverheid
schadedoormijnbouw.nl;rijksoverheid
schadefonds.nl;rijksoverheid
schadeschap.nl;rijksoverheid
schakeldagen.nl;rijksoverheid
schoneluchtakkoord.nl;rijksoverheid
schonerivieren.org;rijksoverheid
schoolleidersregisterpo.nl;rijksoverheid
schoolleidersregistervo.nl;rijksoverheid
schoorlseduinen.staatsbosbeheer.nl;rijksoverheid
sciorijk.nl;rijksoverheid
scp.nl;rijksoverheid
sds-check.nl;rijksoverheid
secs.hetcak.nl;rijksoverheid
ser.nl;rijksoverheid
serviceinfoapp.nl;rijksoverheid
sieunddieniederlande.nl;rijksoverheid
signaleringleefomgevingengezondheid.nl;rijksoverheid
skal.nl;rijksoverheid
slachtofferinformatie-om.nl;rijksoverheid
slachtofferportaal.nl;rijksoverheid
slimmest.nl;rijksoverheid
slimmezorgestafette.nl;rijksoverheid
slimwatermanagement.nl;rijksoverheid
slo.nl;rijksoverheid
slotcoordination.nl;rijksoverheid
snelheidsovertredingen.om.nl;rijksoverheid
snmedia.nl;rijksoverheid
snuffle.org;rijksoverheid
sociaalfondsminienw.nl;rijksoverheid
socialemediagidsbz.nl;rijksoverheid
socialestabiliteit.nl;rijksoverheid
socrates2.org;rijksoverheid
sodm.nl;rijksoverheid
solarhighways.eu;rijksoverheid
solliciterenbijciz.nl;rijksoverheid
spaceoffice.nl;rijksoverheid
sportenbewegenincijfers.nl;rijksoverheid
sportinnovator.nl;rijksoverheid
ssc-campus.nl;rijksoverheid
ssc-ict-innovatie.nl;rijksoverheid
ssc-ict.nl;rijksoverheid
ssc-ictspecials.nl;rijksoverheid
ssc-i.nl;rijksoverheid
ssci.nl;rijksoverheid
sso3w.nl;rijksoverheid
sso-noord.nl;rijksoverheid
ssr.nl;rijksoverheid
staatsbosbeheer.nl;rijksoverheid
staatscommissieparlementairstelsel.nl;rijksoverheid
staatsexamensnt2.nl;rijksoverheid
staatsexamensvo.nl;rijksoverheid
staatsieportretten-bestellen.nl;rijksoverheid
staatvanhetmkb.nl;rijksoverheid
staatvenz.nl;rijksoverheid
stagefonds.formulierdus-i.nl;rijksoverheid
standaarden.overheid.nl;rijksoverheid
standaarden.rijkswaterstaat.nl;rijksoverheid
standaarden.rws.nl;rijksoverheid
stapvooruit.nl;rijksoverheid
startmetoesorichtlijnen.nl;rijksoverheid
staten-generaal.nl;rijksoverheid
statiagovernment.com;rijksoverheid
stelselcatalogus.nl;rijksoverheid
stichtingrpo.nl;rijksoverheid
stimuleringsfonds.nl;rijksoverheid
stimva.nl;rijksoverheid
stopheling.nl;rijksoverheid
storybook.nldesignsystem.nl;rijksoverheid
strafrechtketen.nl;rijksoverheid
stuc.tool.cultureelerfgoed.nl;rijksoverheid
studeermeteenplan.nl;rijksoverheid
studiegroep.overheidvannu.nl;rijksoverheid
studielink.nl;rijksoverheid
subsidie.cultureelerfgoed.nl;rijksoverheid
subsidie.monumenten.nl;rijksoverheid
summercourt.nl;rijksoverheid
supportschonesport.nl;rijksoverheid
sustainabilitymethod.com;rijksoverheid
suurhoffbrug.nl;rijksoverheid
svbabc.nl;rijksoverheid
svb.nl;rijksoverheid
svdj.nl;rijksoverheid
taalakkoord.nl;rijksoverheid
tactoolnrgd.nl;rijksoverheid
talent.rijksbeveiliging.nl;rijksoverheid
tcbb.nl;rijksoverheid
tcbodem.nl;rijksoverheid
teamwork-against-trafficking-for-labour-exploitation.nl;rijksoverheid
techleap.nl;rijksoverheid
teebstad.nl;rijksoverheid
tegengaanradicalisering.nl;rijksoverheid
telmeemettaal.nl;rijksoverheid
temis.nl;rijksoverheid
tenderned.nl;rijksoverheid
terugvoerplicht.nl;rijksoverheid
teverantwoordenregelingen.rijksoverheid.nl;rijksoverheid
thedutchchallenge.nl;rijksoverheid
thegfce.org;rijksoverheid
tib-ivd.nl;rijksoverheid
tip.ncsc.nl;rijksoverheid
tlokb.nl;rijksoverheid
tno.nl;rijksoverheid
toegangsociaaldomein.nl;rijksoverheid
toegangtotdeoverheid.nl;rijksoverheid
toegankelijkheidsverklaring.nl;rijksoverheid
toekomstglb.nl;rijksoverheid
toekomstreligieuserfgoed.nl;rijksoverheid
toekomstvanhethogeronderwijs.nl;rijksoverheid
toeslagenanimatie.toeslagen.nl;rijksoverheid
toets.dopingautoriteit.nl;rijksoverheid
toetsingonline.nl;rijksoverheid
toetsingscommissievp.nl;rijksoverheid
toezichtopboa.nl;rijksoverheid
toezichtopzorgnetwerken.igj.nl;rijksoverheid
toezichtsociaaldomein.nl;rijksoverheid
toolboxbeleidsevaluaties.nl;rijksoverheid
toolboxinclusief.nl;rijksoverheid
toolkit.kiesdefiets.nl;rijksoverheid
toolkit.nlbranding.nl;rijksoverheid
toolkitomgevingswet.nl;rijksoverheid
toolkit.ontdekdezorg.nl;rijksoverheid
tools-acc.rijksictgilde.nl;rijksoverheid
tools.i-interimrijk.nl;rijksoverheid
tools.rijksictgilde.nl;rijksoverheid
tools.rijksinnovatiecommunity.nl;rijksoverheid
topcorridors.com;rijksoverheid
topsectoragrifood.nl;rijksoverheid
topsectorenergie.nl;rijksoverheid
topsectoren.nl;rijksoverheid
topshuis.nl;rijksoverheid
tradeandinnovate.nl;rijksoverheid
transitieproefdiervrijeinnovatie.nl;rijksoverheid
transparantiebenchmark.nl;rijksoverheid
transplantatiestichting.nl;rijksoverheid
treatydatabase.overheid.nl;rijksoverheid
trots.ontdekdezorg.nl;rijksoverheid
tst-rds.nl;rijksoverheid
tuchtrecht.overheid.nl;rijksoverheid
tweedekamer.nl;rijksoverheid
ubrijk.nl;rijksoverheid
uitkomstgerichtezorg.nl;rijksoverheid
uitvoeringarbeidsvoorwaardenwetgeving.nl;rijksoverheid
uitvoeringvanbeleidszw.nl;rijksoverheid
uitwisselportaal.nza.nl;rijksoverheid
uno.dfront.rijkscloud.nl;rijksoverheid
usar.nl;rijksoverheid
uspb-depeevee.nl;rijksoverheid
uwbeslagvrijevoet.nl;rijksoverheid
uwv.nl;rijksoverheid
uziregister.nl;rijksoverheid
vaarweginformatie.nl;rijksoverheid
vacature.werkenbijdeeu.nl;rijksoverheid
vacature.werkenvoorinternationaleorganisaties.nl;rijksoverheid
validatie.nl;rijksoverheid
vananaarbeter.nl;rijksoverheid
vangbuitenshuis.nl;rijksoverheid
vang-hha.nl;rijksoverheid
vastgoedvanhetrijk.nl;rijksoverheid
vdesktop.hetcak.nl;rijksoverheid
veiligepubliekedienstverlening.nl;rijksoverheid
veiligheidbegintbijvoorkomen.nl;rijksoverheid
veiliginternetten.nl;rijksoverheid
veiligtatoeerenenpiercen.nl;rijksoverheid
veiligvakmanschap.nl;rijksoverheid
veiling.belastingdienst.nl;rijksoverheid
venvn.nl;rijksoverheid
veranderingenkinderopvang.nl;rijksoverheid
verantwoordalcoholverkopen.nl;rijksoverheid
verantwoordmesttransport.nl;rijksoverheid
verbeterdekaart.nl;rijksoverheid
verbeter-direkt.nl;rijksoverheid
verbeterjehuis.nl;rijksoverheid
verderkijkers.nl;rijksoverheid
verdragenbank.overheid.nl;rijksoverheid
verf.tool.cultureelerfgoed.nl;rijksoverheid
vergunningenbank.overheid.nl;rijksoverheid
verhalenoverdeoorlog.nl;rijksoverheid
verkeersbesluiten.overheid.nl;rijksoverheid
verkeersonderneming.nl;rijksoverheid
verkeersveiligheidscampagnes.nl;rijksoverheid
verkiezingsuitslagen.nl;rijksoverheid
verlofadviescollege.nl;rijksoverheid
versnellingshuisce.nl;rijksoverheid
versnellingspartner.versnellingshuisce.nl;rijksoverheid
vervangingsfonds.nl;rijksoverheid
verwijzingsportaalbankgegevens.nl;rijksoverheid
veterinairberoepscollege.nl;rijksoverheid
veterinairtuchtcollege.nl;rijksoverheid
veva.nl;rijksoverheid
vfpf.nl;rijksoverheid
via15.nl;rijksoverheid
vib-check.nl;rijksoverheid
vibcheck.nl;rijksoverheid
videoleren.nvwa.nl;rijksoverheid
vindelkaart.nl;rijksoverheid
visitaties.nl;rijksoverheid
vntop.nl;rijksoverheid
vogcheck.justis.nl;rijksoverheid
volksgezondheidenzorg.info;rijksoverheid
volwaardig-leven.nl;rijksoverheid
voordejeugd.nl;rijksoverheid
vo-raad.nl;rijksoverheid
vraagbaakiv3gemeenten.nl;rijksoverheid
vraagbaakiv3provincies.nl;rijksoverheid
vraaghetdepolitie.nl;rijksoverheid
vrachtwagenheffing.nl;rijksoverheid
vragengeneratorbibob.nl;rijksoverheid
vragenlijst.meldennieuwezorgaanbieders.nl;rijksoverheid
vreemdelingendocumenten.nl;rijksoverheid
vreemdelingenvisie.nl;rijksoverheid
vrijwilligers.staatsbosbeheer.nl;rijksoverheid
vsregister.venvn.nl;rijksoverheid
vtv2018.nl;rijksoverheid
vvg-lenp.nl;rijksoverheid
vwscongresmagazine.nl;rijksoverheid
vwsdia.nl;rijksoverheid
vwsflex.nl;rijksoverheid
vwshuisstijl.nl;rijksoverheid
vwsnet.nl;rijksoverheid
vzvz.nl;rijksoverheid
waarborg.nl;rijksoverheid
waarderingskamer.nl;rijksoverheid
waardigheidentrots.nl;rijksoverheid
waarzitwatin.nl;rijksoverheid
wabes.nl;rijksoverheid
waddenatlas.nl;rijksoverheid
waddenbarometer.nl;rijksoverheid
waddenbeheerautoriteit.nl;rijksoverheid
waddenloket.nl;rijksoverheid
waddensea.nl;rijksoverheid
waddensea-worldheritage.org;rijksoverheid
waddenviewer.datahuiswadden.nl;rijksoverheid
waddenzee.nl;rijksoverheid
wadzee9520.waddenzee.nl;rijksoverheid
watdevog.nl;rijksoverheid
wateetnederland.nl;rijksoverheid
waterasleverage.org;rijksoverheid
waterberichtgeving.rws.nl;rijksoverheid
waterbeschikbaarheid.nl;rijksoverheid
waterbodemrichtlijn.nl;rijksoverheid
waterinfo-extra.rws.nl;rijksoverheid
waterinfo.rws.nl;rijksoverheid
waterveiligheidsportaal.nl;rijksoverheid
watkanmijhelpen.nl;rijksoverheid
watvoorhandhaverbenjij.nl;rijksoverheid
web.minienm.nl;rijksoverheid
webshop.incidentmanagement.nl;rijksoverheid
weekvanhetgeld.nl;rijksoverheid
weeralarm.nl;rijksoverheid
weerbaar-bestuur.nl;rijksoverheid
weerbaarbestuur.nl;rijksoverheid
weerbaredigitaleoverheid.nl;rijksoverheid
wegtotdewetenschap.nl;rijksoverheid
wegwijzermensenhandel.nl;rijksoverheid
welvaartenleefomgeving.nl;rijksoverheid
werkagenda.raadrvs.nl;rijksoverheid
werken.belastingdienst.nl;rijksoverheid
werkenbijciz.nl;rijksoverheid
werkenbijdeeu.nl;rijksoverheid
werkenbijdefensie.nl;rijksoverheid
werkenbijde.nza.nl;rijksoverheid
werkenbijdeoverheid.nl;rijksoverheid
werkenbijhetcak.nl;rijksoverheid
werkenbijhetkadaster.nl;rijksoverheid
werkenbijhetom.nl;rijksoverheid
werkenbij.rijkswaterstaat.nl;rijksoverheid
werkenvoorderva.nl;rijksoverheid
werkenvoorinternationaleorganisaties.nl;rijksoverheid
werkenvoornederland.nl;rijksoverheid
werkgever.mijnwerkenzekerheid.nl;rijksoverheid
werknemer.mijnwerkenzekerheid.nl;rijksoverheid
werk.nl;rijksoverheid
werkplus.rijkstalentencentrum.nl;rijksoverheid
werkzaamheden.rijkswaterstaat.nl;rijksoverheid
wetgevingskalender.overheid.nl;rijksoverheid
wetten.overheid.nl;rijksoverheid
whofic.nl;rijksoverheid
wijzeringeldzaken.nl;rijksoverheid
windenergie.nl;rijksoverheid
windopzee.nl;rijksoverheid
wkotool.nl;rijksoverheid
wlo2015.nl;rijksoverheid
wmo-monitor.nl;rijksoverheid
wobcovid19.rijksoverheid.nl;rijksoverheid
wodc.nl;rijksoverheid
wodc-repris.nl;rijksoverheid
woningmarktbeleid.nl;rijksoverheid
woononderzoek.nl;rijksoverheid
wordpolitievrijwilliger.nl;rijksoverheid
wordtaakstrafbegeleider.nl;rijksoverheid
workinnl.nl;rijksoverheid
wozep.nl;rijksoverheid
wozwaardeloket.nl;rijksoverheid
wpfc2020.com;rijksoverheid
wrr.nl;rijksoverheid
wtzi.nl;rijksoverheid
bco-portaal.nl;rijksoverheid
clientondersteuning.co.nl;rijksoverheid
dictu.nl;rijksoverheid
energiesubsidiewijzer.nl;rijksoverheid
hetcak.nl;rijksoverheid
laamagazine.nl;rijksoverheid
mijnwlzaanvraag.ciz.nl;rijksoverheid
ncsc.nl;rijksoverheid
openbare-inspectieresultaten.nvwa.nl;rijksoverheid
synbiosys.alterra.nl;rijksoverheid
toezichtdocumenten.igj.nl;rijksoverheid
topinkomens.nl;rijksoverheid
tuchtcollege-gezondheidszorg.nl;rijksoverheid
verrekeningneveninkomsten.nl;rijksoverheid
zelfinspectie.nl;rijksoverheid
youthatheart.nl;rijksoverheid
zakelijk.duo.nl;rijksoverheid
zakelijk.kadaster.nl;rijksoverheid
zakendoeninchina.org;rijksoverheid
zeeweringen.nl;rijksoverheid
zeteenstreepdoordiscriminatie.nl;rijksoverheid
zibs.nl;rijksoverheid
zijnjullieeraluit.nl;rijksoverheid
zoek.officielebekendmakingen.nl;rijksoverheid
zonmw-jeugdmagazines.nl;rijksoverheid
zonmw.nl;rijksoverheid
zorgaanbiedersopkaart.igj.nl;rijksoverheid
zorgbeeld.nza.nl;rijksoverheid
zorgcijfersdatabank.nl;rijksoverheid
zorgcijfers.nza.nl;rijksoverheid
zorgclustertool.nl;rijksoverheid
zorgcsp.nl;rijksoverheid
zorginstituutnederland.nl;rijksoverheid
zorginzicht.nl;rijksoverheid
zorgopdekaart.nl;rijksoverheid
zorgproducten.nza.nl;rijksoverheid
zorgvannu.nl;rijksoverheid
zorgvoorinnoveren.nl;rijksoverheid
zovar.nl;rijksoverheid
zuid-west380kv.nl;rijksoverheid
provincie.drenthe.nl;Provincies
flevoland.nl;Provincies
fryslan.frl;Provincies
gelderland.nl;Provincies
provinciegroningen.nl;Provincies
limburg.nl;Provincies
brabant.nl;Provincies
noord-holland.nl;Provincies
overijssel.nl;Provincies
provincie-utrecht.nl;Provincies
zeeland.nl;Provincies
zuid-holland.nl;Provincies
gemeente.groningen.nl;gemeenten
aaenhunze.nl;gemeenten
aalsmeer.nl;gemeenten
aalten.nl;gemeenten
achtkarspelen.nl;gemeenten
alblasserdam.nl;gemeenten
albrandswaard.nl;gemeenten
alkmaar.nl;gemeenten
almelo.nl;gemeenten
almere.nl;gemeenten
alphen-chaam.nl;gemeenten
alphenaandenrijn.nl;gemeenten
ameland.nl;gemeenten
amersfoort.nl;gemeenten
amstelveen.nl;gemeenten
amsterdam.nl;gemeenten
apeldoorn.nl;gemeenten
arnhem.nl;gemeenten
assen.nl;gemeenten
asten.nl;gemeenten
baarle-nassau.nl;gemeenten
baarn.nl;gemeenten
barendrecht.nl;gemeenten
barneveld.nl;gemeenten
beemster.net;gemeenten
beesel.nl;gemeenten
bergeijk.nl;gemeenten
bergen-nh.nl;gemeenten
bergen.nl;gemeenten
bergendal.nl;gemeenten
bergenopzoom.nl;gemeenten
bernheze.org;gemeenten
beuningen.nl;gemeenten
beverwijk.nl;gemeenten
bladel.nl;gemeenten
blaricum.nl;gemeenten
bloemendaal.nl;gemeenten
bodegraven-reeuwijk.nl;gemeenten
boekel.nl;gemeenten
borger-odoorn.nl;gemeenten
borne.nl;gemeenten
borsele.nl;gemeenten
boxmeer.nl;gemeenten
boxtel.nl;gemeenten
breda.nl;gemeenten
brielle.nl;gemeenten
bronckhorst.nl;gemeenten
brummen.nl;gemeenten
brunssum.nl;gemeenten
bunnik.nl;gemeenten
bunschoten.nl;gemeenten
buren.nl;gemeenten
capelleaandenijssel.nl;gemeenten
castricum.nl;gemeenten
coevorden.nl;gemeenten
cranendonck.nl;gemeenten
cuijk.nl;gemeenten
culemborg.nl;gemeenten
dalfsen.nl;gemeenten
dantumadiel.frl;gemeenten
debilt.nl;gemeenten
defryskemarren.nl;gemeenten
delft.nl;gemeenten
denhaag.nl;gemeenten
denhelder.nl;gemeenten
derondevenen.nl;gemeenten
deurne.nl;gemeenten
deventer.nl;gemeenten
dewolden.nl;gemeenten
diemen.nl;gemeenten
dinkelland.nl;gemeenten
doesburg.nl;gemeenten
doetinchem.nl;gemeenten
dongen.nl;gemeenten
dordrecht.nl;gemeenten
drechterland.nl;gemeenten
drimmelen.nl;gemeenten
dronten.nl;gemeenten
druten.nl;gemeenten
duiven.nl;gemeenten
echt-susteren.nl;gemeenten
edam-volendam.nl;gemeenten
ede.nl;gemeenten
eemnes.nl;gemeenten
eemsdelta.nl;gemeenten
eersel.nl;gemeenten
eijsden-margraten.nl;gemeenten
eindhoven.nl;gemeenten
elburg.nl;gemeenten
emmen.nl;gemeenten
enkhuizen.nl;gemeenten
enschede.nl;gemeenten
epe.nl;gemeenten
ermelo.nl;gemeenten
etten-leur.nl;gemeenten
geertruidenberg.nl;gemeenten
geldrop-mierlo.nl;gemeenten
gemeente-mill.nl;gemeenten
gemeente-oldambt.nl;gemeenten
gemeente-steenbergen.nl;gemeenten
gemeenteAltena.nl;gemeenten
gemeentebeek.nl;gemeenten
gemeenteberkelland.nl;gemeenten
gemeentebest.nl;gemeenten
gemeentehulst.nl;gemeenten
gemeentelangedijk.nl;gemeenten
gemeentemaasgouw.nl;gemeenten
gemeentemaastricht.nl;gemeenten
gemeentenoordenveld.nl;gemeenten
gemeentesluis.nl;gemeenten
gemeentestein.nl;gemeenten
gemeentewesterveld.nl;gemeenten
gemeentewestland.nl;gemeenten
gemert-bakel.nl;gemeenten
gennep.nl;gemeenten
gilzerijen.nl;gemeenten
goeree-overflakkee.nl;gemeenten
goes.nl;gemeenten
goirle.nl;gemeenten
gooisemeren.nl;gemeenten
gorinchem.nl;gemeenten
gouda.nl;gemeenten
grave.nl;gemeenten
gulpen-wittem.nl;gemeenten
haaksbergen.nl;gemeenten
haarlem.nl;gemeenten
haarlemmermeer.nl;gemeenten
halderberge.nl;gemeenten
hardenberg.nl;gemeenten
hardinxveld-giessendam.nl;gemeenten
harlingen.nl;gemeenten
hattem.nl;gemeenten
heemskerk.nl;gemeenten
heemstede.nl;gemeenten
heerde.nl;gemeenten
heerenveen.nl;gemeenten
heerhugowaard.nl;gemeenten
heerlen.nl;gemeenten
heeze-leende.nl;gemeenten
heiloo.nl;gemeenten
hellendoorn.nl;gemeenten
hellevoetsluis.nl;gemeenten
helmond.nl;gemeenten
hendrik-ido-ambacht.nl;gemeenten
hengelo.nl;gemeenten
heumen.nl;gemeenten
heusden.nl;gemeenten
heuvelrug.nl;gemeenten
hillegom.nl;gemeenten
hilvarenbeek.nl;gemeenten
hilversum.nl;gemeenten
hofvantwente.nl;gemeenten
hollandskroon.nl;gemeenten
hoogeveen.nl;gemeenten
hoorn.nl;gemeenten
horstaandemaas.nl;gemeenten
houten.nl;gemeenten
huizen.nl;gemeenten
ijsselstein.nl;gemeenten
kaagenbraassem.nl;gemeenten
kampen.nl;gemeenten
kapelle.nl;gemeenten
katwijk.nl;gemeenten
kerkrade.nl;gemeenten
koggenland.nl;gemeenten
krimpenaandenijssel.nl;gemeenten
krimpenerwaard.nl;gemeenten
laarbeek.nl;gemeenten
landerd.nl;gemeenten
landgraaf.nl;gemeenten
landsmeer.nl;gemeenten
lansingerland.nl;gemeenten
laren.nl;gemeenten
leeuwarden.nl;gemeenten
leiden.nl;gemeenten
leiderdorp.nl;gemeenten
leidschendam-voorburg.nl;gemeenten
lelystad.nl;gemeenten
leudal.nl;gemeenten
leusden.nl;gemeenten
lingewaard.nl;gemeenten
lisse.nl;gemeenten
lochem.nl;gemeenten
loonopzand.nl;gemeenten
lopik.nl;gemeenten
losser.nl;gemeenten
maasdriel.nl;gemeenten
maassluis.nl;gemeenten
medemblik.nl;gemeenten
meerssen.nl;gemeenten
meppel.nl;gemeenten
middelburg.nl;gemeenten
middendelfland.nl;gemeenten
middendrenthe.nl;gemeenten
moerdijk.nl;gemeenten
montferland.info;gemeenten
montfoort.nl;gemeenten
mookenmiddelaar.nl;gemeenten
nederbetuwe.nl;gemeenten
nederweert.nl;gemeenten
nieuwegein.nl;gemeenten
nieuwkoop.nl;gemeenten
nijkerk.eu;gemeenten
nijmegen.nl;gemeenten
nissewaard.nl;gemeenten
noardeast-fryslan.nl;gemeenten
noord-beveland.nl;gemeenten
noordoostpolder.nl;gemeenten
noordwijk.nl;gemeenten
nuenen.nl;gemeenten
nunspeet.nl;gemeenten
oegstgeest.nl;gemeenten
oirschot.nl;gemeenten
oisterwijk.nl;gemeenten
oldebroek.nl;gemeenten
oldenzaal.nl;gemeenten
olst-wijhe.nl;gemeenten
ommen.nl;gemeenten
oosterhout.nl;gemeenten
oostgelre.nl;gemeenten
ooststellingwerf.nl;gemeenten
oostzaan.nl;gemeenten
opmeer.nl;gemeenten
opsterland.nl;gemeenten
oss.nl;gemeenten
oude-ijsselstreek.nl;gemeenten
ouder-amstel.nl;gemeenten
oudewater.nl;gemeenten
overbetuwe.nl;gemeenten
papendrecht.nl;gemeenten
peelenmaas.nl;gemeenten
pekela.nl;gemeenten
pijnacker-nootdorp.nl;gemeenten
purmerend.nl;gemeenten
putten.nl;gemeenten
raalte.nl;gemeenten
reimerswaal.nl;gemeenten
renkum.nl;gemeenten
renswoude.nl;gemeenten
reuseldemierden.nl;gemeenten
rheden.nl;gemeenten
rhenen.nl;gemeenten
ridderkerk.nl;gemeenten
rijssen-holten.nl;gemeenten
rijswijk.nl;gemeenten
roerdalen.nl;gemeenten
roermond.nl;gemeenten
roosendaal.nl;gemeenten
rotterdam.nl;gemeenten
rozendaal.nl;gemeenten
rucphen.nl;gemeenten
s-hertogenbosch.nl;gemeenten
schagen.nl;gemeenten
scherpenzeel.nl;gemeenten
schiedam.nl;gemeenten
schiermonnikoog.nl;gemeenten
schouwen-duiveland.nl;gemeenten
simpelveld.nl;gemeenten
sint-michielsgestel.nl;gemeenten
sintanthonis.nl;gemeenten
sittard-geleen.nl;gemeenten
sliedrecht.nl;gemeenten
smallingerland.nl;gemeenten
soest.nl;gemeenten
someren.nl;gemeenten
sonenbreugel.nl;gemeenten
stadskanaal.nl;gemeenten
staphorst.nl;gemeenten
stedebroec.nl;gemeenten
steenwijkerland.nl;gemeenten
stichtsevecht.nl;gemeenten
sudwestfryslan.nl;gemeenten
t-diel.nl;gemeenten
terneuzen.nl;gemeenten
terschelling.nl;gemeenten
texel.nl;gemeenten
teylingen.nl;gemeenten
tholen.nl;gemeenten
tiel.nl;gemeenten
tilburg.nl;gemeenten
tubbergen.nl;gemeenten
twenterand.nl;gemeenten
tynaarlo.nl;gemeenten
uden.nl;gemeenten
uitgeest.nl;gemeenten
uithoorn.nl;gemeenten
urk.nl;gemeenten
utrecht.nl;gemeenten
vaals.nl;gemeenten
valkenburg.nl;gemeenten
valkenswaard.nl;gemeenten
veendam.nl;gemeenten
veenendaal.nl;gemeenten
veere.nl;gemeenten
veldhoven.nl;gemeenten
velsen.nl;gemeenten
venlo.nl;gemeenten
venray.nl;gemeenten
vlaardingen.nl;gemeenten
vlieland.nl;gemeenten
vlissingen.nl;gemeenten
voerendaal.nl;gemeenten
voorschoten.nl;gemeenten
voorst.nl;gemeenten
vught.nl;gemeenten
waadhoeke.nl;gemeenten
waalre.nl;gemeenten
waalwijk.nl;gemeenten
waddinxveen.nl;gemeenten
wageningen.nl;gemeenten
wassenaar.nl;gemeenten
waterland.nl;gemeenten
weert.nl;gemeenten
weesp.nl;gemeenten
westbetuwe.nl;gemeenten
westerkwartier.nl;gemeenten
westervoort.nl;gemeenten
westmaasenwaal.nl;gemeenten
weststellingwerf.nl;gemeenten
westvoorne.nl;gemeenten
wierden.nl;gemeenten
wijchen.nl;gemeenten
wijdemeren.nl;gemeenten
wijkbijduurstede.nl;gemeenten
winterswijk.nl;gemeenten
woensdrecht.nl;gemeenten
woerden.nl;gemeenten
wormerland.nl;gemeenten
woudenberg.nl;gemeenten
zaanstad.nl;gemeenten
zaltbommel.nl;gemeenten
zandvoort.nl;gemeenten
zeewolde.nl;gemeenten
zeist.nl;gemeenten
zevenaar.nl;gemeenten
zoetermeer.nl;gemeenten
zoeterwoude.nl;gemeenten
zuidplas.nl;gemeenten
zundert.nl;gemeenten
zutphen.nl;gemeenten
zwartewaterland.nl;gemeenten
zwijndrecht.nl;gemeenten
zwolle.nl;gemeenten
hethogeland.nl;gemeenten
beekdaelen.nl;gemeenten
gemeentehw.nl;gemeenten
harderwijk.nl;gemeenten
meierijstad.nl;gemeenten
midden-groningen.nl;gemeenten
molenlanden.nl;gemeenten
vijfheerenlanden.nl;gemeenten
westerwolde.nl;gemeenten
aaenmaas.nl;waterschappen
agv.nl;waterschappen
brabantsedelta.nl;waterschappen
dommel.nl;waterschappen
hdsr.nl;waterschappen
hhdelfland.nl;waterschappen
wdodelta.nl;waterschappen
hhnk.nl;waterschappen
wshd.nl;waterschappen
hunzeenaas.nl;waterschappen
noorderzijlvest.nl;waterschappen
wpm.nl;waterschappen
wrij.nl;waterschappen
rijnland.net;waterschappen
waterschaprivierenland.nl;waterschappen
scheldestromen.nl;waterschappen
schielandendekrimpenerwaard.nl;waterschappen
vallei-veluwe.nl;waterschappen
vechtstromen.nl;waterschappen
wetterskipfryslan.nl;waterschappen
zuiderzeeland.nl;waterschappen
aquon.nl;wgr
archeologie-delft.nl;wgr
sed-organisatie.nl;wgr
afvalbeheernoordgroningen.nl;wgr
alkmaarder-enuitgeestermeer.nl;wgr
archief-delft.nl;wgr
avalex.nl;wgr
avu.nl;wgr
bedrijvenparkbijsterhuizen.nl;wgr
belastingenbollenstreek.nl;wgr
bhic.nl;wgr
bleizo.nl;wgr
brandweerstadsgewest.nl;wgr
bsgr.nl;wgr
cure-afvalbeheer.nl;wgr
debetho.nl;wgr
dethon.nl;wgr
dienstdommelvallei.nl;wgr
drechtwerk.nl;wgr
drentsarchief.nl;wgr
emco-groep.nl;wgr
empatec.nl;wgr
gezamenlijke-brandweer.nl;wgr
ggddrenthe.nl;wgr
ggdhollandsnoorden.nl;wgr
ggdnog.nl;wgr
ggdru.nl;wgr
ggdzl.nl;wgr
gr-caw.nl;wgr
groningen-seaports.com;wgr
hoefweg.nl;wgr
hvcgroep.nl;wgr
iw4.nl;wgr
jeugdhulprijnmond.nl;wgr
kempischbedrijvenpark.com;wgr
marn.nl;wgr
mijngemeentedichtbij.nl;wgr
munitax.nl;wgr
oddevallei.nl;wgr
odru.nl;wgr
ombudscommissiehoekschewaard.nl;wgr
ombudsmanmetropool.nl;wgr
ouderijnzone.nl;wgr
rblbno.nl;wgr
regio-hartvanbrabant.nl;wgr
rekenkamer.amsterdam.nl;wgr
rhcvechtenvenen.nl;wgr
rid-utrecht.nl;wgr
ruddrenthe.nl;wgr
rudzeeland.nl;wgr
rudzuidlimburg.nl;wgr
socialedienstoostachterhoek.nl;wgr
soweco.nl;wgr
stichtingspoor.nl;wgr
streekarchivariaat.nl;wgr
tuinbouwbommelerwaard.nl;wgr
uiterwaarde.nl;wgr
vggm.nl;wgr
vrgooienvechtstreek.nl;wgr
vrgz.nl;wgr
vrzuidlimburg.nl;wgr
vuilafvoerbedrijf.nl;wgr
waardlanden.nl;wgr
werkenbijbarorganisatie.nl;wgr
werksaamwf.nl;wgr
westfriesarchief.nl;wgr
westrom.nl;wgr
zeeuwsarchief.nl;wgr
xlpark.nl;wgr
8rhk.nl;wgr
afeer.nl;wgr
alblasserwaard-vijfheerenlanden.nl;wgr
ammatch.nl;wgr
bedrijvenparkmedel.nl;wgr
belcombinatie.nl;wgr
bghu.nl;wgr
bsgw.nl;wgr
contact.bsgr.nl;wgr
edr.eu;wgr
eloket.gbkz.nl;wgr
formulieren.laborijn.nl;wgr
formulieren.s-hertogenbosch.nl;wgr
gblt.nl;wgr
ggd.groningen.nl;wgr
ggdgelderlandzuid.nl;wgr
hetutrechtsarchief.nl;wgr
historischcentrumoverijssel.nl;wgr
hollandrijnland.nl;wgr
ibkw.nl;wgr
isdbrabantsewal.antwoordop.nl;wgr
loket.odnzkg.nl;wgr
metropoolregioeindhoven.nl;wgr
mijnblink.nl;wgr
milieudienst.groningen.nl;wgr
mrdh.nl;wgr
nlw.nl;wgr
noord-hollandsarchief.nl;wgr
noordelijkbelastingkantoor.nl;wgr
np-debiesbosch.nl;wgr
od-groningen.nl;wgr
odtwente.nl;wgr
ons.zwolle.nl;wgr
ovbureau.nl;wgr
parklingezegen.nl;wgr
parkstad-limburg.nl;wgr
recreatiemiddennederland.nl;wgr
recreatieschapwestfriesland.nl;wgr
rekenkameroost.nl;wgr
risse.nl;wgr
salha.nl;wgr
sbjh.nl;wgr
stadsbankoostnederland.nl;wgr
streekarchiefvp.nl;wgr
ubrivierenland.nl;wgr
veiligheidsregioaa.nl;wgr
vervoerregio.nl;wgr
vr-rr.nl;wgr
waddenfonds.nl;wgr
werkpleinfivelingo.nl;wgr
werkpleinhartvanwest-brabant.nl;wgr
westbrabantsarchief.nl;wgr
1stroom.nl;wgr
a2samenwerking.nl;wgr
abg.nl;wgr
advlimburg.nl;wgr
afvalaanbieden.nl;wgr
amfors.nl;wgr
amstelland-meerlanden.nl;wgr
aqualysis.nl;wgr
avres.nl;wgr
avri.nl;wgr
baanbrekers.org;wgr
bbsuo.nl;wgr
bedrijvenparka7.nl;wgr
bs-ob.nl;wgr
bsr.nl;wgr
bureau-ovl.nl;wgr
businessparkhaaglanden.nl;wgr
bvowb.nl;wgr
bwbrabant.nl;wgr
caparis.nl;wgr
cgm.nl;wgr
cjgdrimmelengeertruidenberg.nl;wgr
cleantechregio.nl;wgr
cocensus.nl;wgr
concernvoorwerk.nl;wgr
connectie.nl;wgr
crematoriatwente.nl;wgr
dcmr.nl;wgr
degkb.nl;wgr
delfzijl.nl;wgr
derbg.nl;wgr
dewaddeneilanden.nl;wgr
dewoldenhoogeveen.nl;wgr
diamant-groep.nl;wgr
dienstgezondheidjeugd.nl;wgr
drechtsteden.nl;wgr
dswrijswijk.nl;wgr
duoplus.nl;wgr
e-inwoner.nl;wgr
ecal.nu;wgr
ergon.nu;wgr
fermwerk.nl;wgr
fumo.nl;wgr
gbkz.nl;wgr
gbtwente.nl;wgr
geestmerambacht.nl;wgr
gegevenshuis.nl;wgr
geldersarchief.nl;wgr
gemeentebelastingenamstelland.nl;wgr
ggdbzo.nl;wgr
ggdflevoland.nl;wgr
ggdhaaglanden.nl;wgr
ggdhvb.nl;wgr
ggdijsselland.nl;wgr
ggdwestbrabant.nl;wgr
ggdzeeland.nl;wgr
ggdzw.nl;wgr
gouwepark.nl;wgr
groengebied-amstelland.nl;wgr
groningerarchieven.nl;wgr
haltewerk.nl;wgr
hetflevolandsarchief.nl;wgr
hetwaterschapshuis.nl;wgr
husenhiem.nl;wgr
i-dienst.nl;wgr
ictnml.nl;wgr
ictwbw.nl;wgr
ijmondwerkt.com;wgr
ijsselgemeenten.nl;wgr
impact.nl;wgr
intos-gennep.nl;wgr
isd-kompas.nl;wgr
isdbol.nl;wgr
isdbollenstreek.nl;wgr
isob.net;wgr
jaarverslag-bsgw.nl;wgr
jeugdhulpzuidlimburg.nl;wgr
kempengemeenten.nl;wgr
kempenplus.com;wgr
kiltunnel.nl;wgr
kredietbanklimburg.nl;wgr
laborijn.nl;wgr
lucrato.nl;wgr
maregroep.nl;wgr
marrekrite.frl;wgr
meerinzicht.nl;wgr
meerschap-paterswolde.nl;wgr
mgrsdcg.nl;wgr
midzuid.nl;wgr
nef.nl;wgr
nieuwreijerwaard.eu;wgr
noordelijkerekenkamer.nl;wgr
noorderkwartier.nl;wgr
odachterhoek.nl;wgr
odbn.nl;wgr
odijmond.nl;wgr
odijsselland.nl;wgr
odmh.nl;wgr
odnhn.nl;wgr
odnoordveluwe.nl;wgr
odnzkg.nl;wgr
odregioarnhem.nl;wgr
odregionijmegen.nl;wgr
odrivierenland.nl;wgr
odveluweijssel.nl;wgr
odwh.nl;wgr
odzob.nl;wgr
ofgv.nl;wgr
olazzeeland.nl;wgr
omgevingsdiensthaaglanden.nl;wgr
omnibuzz.nl;wgr
omwb.nl;wgr
orioniswalcheren.nl;wgr
over-gemeenten.nl;wgr
ozhz.nl;wgr
paraatscholen.nl;wgr
parkhitland.nl;wgr
paswerk.nl;wgr
plusov.nl;wgr
portofamsterdam.com;wgr
prolander.nl;wgr
promen.nl;wgr
randstedelijke-rekenkamer.nl;wgr
ravbrabantmwn.nl;wgr
rbobdekempen.nl;wgr
rd4.nl;wgr
rdmaasland.nl;wgr
rdoghm.nl;wgr
recreatieschapdrenthe.nl;wgr
reestmond.nl;wgr
regiofoodvalley.nl;wgr
regiogv.nl;wgr
regiomiddenholland.nl;wgr
regionaalarchiefalkmaar.nl;wgr
regionaalarchiefrivierenland.nl;wgr
regiorivierenland.nl;wgr
regiorvn.nl;wgr
regiotaxihulstsluisterneuzen.nl;wgr
regiotaxinoordoostbrabant.nl;wgr
regiotwente.nl;wgr
rhcl.nl;wgr
rhczuidoostutrecht.com;wgr
rmn.nl;wgr
rogplus.nl;wgr
rsddeliemers.nl;wgr
rsdkrh.nl;wgr
rsj-ijsselland.nl;wgr
rudlimburgnoord.nl;wgr
rudutrecht.nl;wgr
sabewazeeland.nl;wgr
sallcondiensten.nl;wgr
samh.nl;wgr
servicepunt71.nl;wgr
snn.nl;wgr
sociaaldomein-limburgnoord.nl;wgr
sociaaldomein-maastricht-heuvelland.nl;wgr
sozawe-nw-fryslan.nl;wgr
spaarnwoude.nl;wgr
ssc-zl.nl;wgr
sscdesom.nl;wgr
stadsarchiefdelft.nl;wgr
stroomopwaarts.nl;wgr
svhw.nl;wgr
swb.nl;wgr
syntrophos.nl;wgr
technologybase.nl;wgr
tomingroep.nl;wgr
tresoar.nl;wgr
tribuut.nl;wgr
twiske-waterland.nl;wgr
valleihopper.nl;wgr
veiligheidsregioflevoland.nl;wgr
veiligheidsregiofryslan.nl;wgr
veiligheidsregiogroningen.nl;wgr
veiligheidsregiomwb.nl;wgr
veiligheidsregiozaanstreekwaterland.nl;wgr
veiligheidsregiozeeland.nl;wgr
veiligthuiswb.nl;wgr
vervoersorganisatie.nl;wgr
vnog.nl;wgr
volkskredietbank.nl;wgr
vrbn.nl;wgr
vrbzo.nl;wgr
vrd.nl;wgr
vrh.nl;wgr
vrhm.nl;wgr
vrijsselland.nl;wgr
vrk.nl;wgr
vrln.nl;wgr
vrnhn.nl;wgr
vrtwente.nl;wgr
vru.nl;wgr
waagroep.nl;wgr
wedeka.nl;wgr
werkeningelderland.nl;wgr
werkom.nl;wgr
werkorganisatiedrutenwijchen.nl;wgr
werkorganisatieduivenvoorde.nl;wgr
werkzaakrivierenland.nl;wgr
west-brabant.eu;wgr
wijzijnstark.nl;wgr
wil-lekstroom.nl;wgr
wozl.nl;wgr
wpda.nl;wgr
wsd-groep.nl;wgr
wspparkstad.nl;wgr
wvs-nb.nl;wgr
wvs.nl;wgr
zeeuwsemuziekschool.nl;wgr
zhzveilig.nl;wgr
zuidelijkerekenkamer.nl;wgr
